SET IDENTITY_INSERT Player OFF
SET IDENTITY_INSERT PositionCode ON

INSERT INTO [dbo].[PositionCode]
				([PositionID],
				[PositionName])
VALUES 	(1, 'GK'),
		(2, 'LB'),
		(3, 'CB'),
		(4, 'RB'),
		(5, 'LWB'),
		(6, 'RWB'),
		(7, 'CDM'),
		(8, 'LM'),
		(9, 'CM'),
		(10, 'RM'),
		(11, 'CAM'),
		(12, 'LW'),
		(13, 'LF'),
		(14, 'CF'),
		(15, 'RF'),
		(16, 'RW'),
		(17, 'ST')
SET IDENTITY_INSERT PositionCode OFF
GO

SET IDENTITY_INSERT StaffCode ON
INSERT INTO [dbo].[StaffCode]
				([StaffCodeID],
				[StaffCodeType])
VALUES 	(1, 'Coach'),
		(2, 'AssistantCoach'),
		(3, 'Physio'),
		(4, 'Accountant')
SET IDENTITY_INSERT StaffCode OFF
GO

SET IDENTITY_INSERT Staff ON
INSERT INTO [dbo].Staff
				([StaffID],
				[StaffCode],
				[Name],
				[Surname])
VALUES 	(1, 1, 'Petra', 'Skuba'),
		(2, 2, 'Raymon', 'Sigh'),
		(3, 3, 'Dorothy', 'Kincey'),
		(4, 4, 'Red', 'Scheer'),
		(5, 1, 'Erik', 'Ten Hag'),
		(6, 2, 'Jurgen', 'Klopp'),
		(7, 3, 'Pep', 'Guardiola'),
		(8, 3, 'Lorin', 'McKay'),
		(9, 1, 'Rassie', 'Erasmus'),
		(10, 2, 'Werner', 'Kok'),
		(11, 3, 'Fred', 'Murray'),
		(12, 2, 'Lara', 'Croft'),
		(13, 1, 'Jacques', 'Nienaber'),
		(14, 2, 'Abbie', 'Lindsay'),
		(15, 3, 'Diego', 'Lewis'),
		(16, 2, 'Arvin', 'Robinson'),
		(17, 1, 'John', 'Smith'),
		(18, 2, 'Victor', 'Matfield'),
		(19, 3, 'Siya', 'Kolisi'),
		(20, 2, 'Kurt-lee', 'Arendse'),
		(21, 2, 'Bongi', 'Mbonambi'),
		(22, 2, 'Duane', 'Vermeulen'),
		(23, 2, 'Faf', 'de Klerk'),
		(24, 3, 'Malcolm', 'Marx'),
		(25, 3, 'Pieter-Steph', 'du Toit')
SET IDENTITY_INSERT Staff OFF
GO

SET IDENTITY_INSERT Team ON
INSERT INTO [dbo].[Team]
				([TeamID],
				[StaffID],
				[Name])
VALUES 	(1, 1, 'Bulldogs'),
		(2, 5, 'Zebras'),
		(3, 9, 'Hawks'),
		(4, 13, 'Puffadders'),
		(5, 17, 'Honeybadgers')
SET IDENTITY_INSERT Team OFF
GO


SET IDENTITY_INSERT Player ON

INSERT INTO [dbo].Player
				([PlayerID],
				[Name],
				[Surname],
				[DateOfBirth],
				[PositionID],
				[TeamID])
VALUES (1, 'Ed', 'Frederick', '2008-11-25', 17, 5) ,
(2, 'Otto', 'Clarke', '2010-12-19', 8, 5) ,
(3, 'Ed', 'Falcone', '2006-03-18', 2, 4) ,
(4, 'Julius', 'Phoenix', '2007-03-19', 12, 2) ,
(5, 'Charlie', 'Bailey', '2009-03-09', 10, 1) ,
(6, 'Harvey', 'Butler', '2006-12-01', 13, 3) ,
(7, 'Allen', 'Davis', '2007-03-04', 10, 4) ,
(8, 'Stephen', 'Joseph', '2007-05-16', 11, 5) ,
(9, 'Alfred', 'Saab', '2007-02-17', 5, 3) ,
(10, 'Andrew', 'Robinson', '2006-06-12', 8, 3) ,
(11, 'Sidney', 'Burton', '2007-10-17', 11, 5) ,
(12, 'Hugh', 'Philip', '2007-04-03', 7, 3) ,
(13, 'Martin', 'Jacobs', '2007-06-16', 6, 3) ,
(14, 'Robert', 'Phillip', '2008-02-20', 11, 2) ,
(15, 'Jesse', 'Higgins', '2006-03-07', 16, 3) ,
(16, 'Oscar', 'Carlisle', '2008-09-03', 7, 1) ,
(17, 'Robert', 'Tonge', '2007-03-27', 14, 1) ,
(18, 'Robert', 'Simon', '2006-07-12', 15, 1) ,
(19, 'Will', 'Marshall', '2009-05-28', 2, 5) ,
(20, 'Harvey', 'Frank', '2006-01-16', 2, 4) ,
(21, 'Alexander', 'Potter', '2010-07-12', 3, 5) ,
(22, 'Claude', 'Archibald', '2006-01-20', 1, 5) ,
(23, 'Joseph', 'Frederick', '2009-06-16', 17, 4) ,
(24, 'Herman', 'Turner', '2006-05-24', 9, 3) ,
(25, 'Fred', 'Carlisle', '2006-03-02', 2, 2) ,
(26, 'Martin', 'Butler', '2009-12-15', 14, 5) ,
(27, 'Herman', 'Frederick', '2007-02-05', 6, 1) ,
(28, 'Tom', 'Jeremy', '2006-08-28', 1, 1) ,
(29, 'Harry', 'Tonge', '2010-07-23', 15, 3) ,
(30, 'Homer', 'Percival', '2010-01-07', 11, 5) ,
(31, 'Charlie', 'Davis', '2008-01-06', 6, 5) ,
(32, 'Ernest', 'Bridges', '2009-05-19', 8, 5) ,
(33, 'Francis', 'Murray', '2006-05-06', 11, 3) ,
(34, 'Herman', 'Gregory', '2010-09-29', 13, 3) ,
(35, 'Daniel', 'Browne', '2010-07-20', 4, 3) ,
(36, 'Raymond', 'Sowerby', '2008-12-04', 6, 1) ,
(37, 'Ira', 'Moses', '2008-04-23', 5, 2) ,
(38, 'Horace', 'Moses', '2006-01-27', 1, 2) ,
(39, 'Louis', 'Sowerby', '2010-07-23', 1, 3) ,
(40, 'Arthur', 'Jacobs', '2009-02-05', 2, 5) ,
(41, 'Calvin', 'Frank', '2009-09-27', 16, 4) ,
(42, 'Edgar', 'Walter', '2007-09-30', 16, 3) ,
(43, 'Bert', 'Spencer', '2009-04-16', 5, 5) ,
(44, 'Richard', 'Grayman', '2007-12-08', 13, 5) ,
(45, 'Jessie', 'Jacobs', '2007-04-11', 12, 5) ,
(46, 'Jack', 'Frederick', '2006-10-27', 4, 4) ,
(47, 'Robert', 'Mascoll', '2007-01-18', 8, 2) ,
(48, 'Ernest', 'Jacobs', '2009-04-05', 4, 1) ,
(49, 'Lawrence', 'Looby', '2009-05-31', 17, 1) ,
(50, 'Howard', 'Frederick', '2010-06-21', 11, 1) ,
(51, 'Henry', 'Lloyd', '2009-09-18', 15, 4) ,
(52, 'Frederick', 'Greene', '2010-07-23', 7, 4) ,
(53, 'Jerry', 'Mascoll', '2010-08-08', 14, 1) ,
(54, 'Daniel', 'Browne', '2010-07-22', 5, 4) ,
(55, 'Lee', 'Lovell', '2007-10-12', 9, 2) ,
(56, 'Carl', 'Davis', '2007-06-26', 7, 4) ,
(57, 'Clyde', 'Walter', '2006-06-21', 10, 5) ,
(58, 'Theodore', 'Nibbs', '2006-01-17', 10, 5) ,
(59, 'Julius', 'Terry', '2010-04-21', 13, 2) ,
(60, 'Ray', 'Phoenix', '2010-07-12', 8, 5) ,
(61, 'Leo', 'Robinson', '2010-09-27', 7, 5) ,
(62, 'Oscar', 'Lindsay', '2006-07-16', 7, 5) ,
(63, 'Sidney', 'Mascoll', '2009-07-21', 14, 3) ,
(64, 'Joe', 'Bailey', '2008-09-28', 9, 1) ,
(65, 'Jesse', 'Item', '2009-06-06', 17, 2) ,
(66, 'Homer', 'Frederick', '2007-08-21', 9, 3) ,
(67, 'Alex', 'Benjamin', '2006-11-01', 15, 2) ,
(68, 'Walter', 'Prince', '2007-01-17', 10, 1) ,
(69, 'Willie', 'Browne', '2009-09-24', 12, 2) ,
(70, 'Theodore', 'Roberts', '2006-04-19', 12, 1) ,
(71, 'Alfred', 'Gordon', '2009-01-27', 14, 3) ,
(72, 'Herbert', 'Walter', '2006-05-03', 1, 2) ,
(73, 'Herman', 'Richardson', '2007-01-30', 14, 4) ,
(74, 'Martin', 'Bridges', '2009-11-10', 5, 4) ,
(75, 'Claude', 'Walsh', '2010-05-16', 4, 5) ,
(76, 'Richard', 'Robinson', '2007-12-18', 13, 5) ,
(77, 'Bert', 'Falcone', '2006-09-12', 6, 3) ,
(78, 'Jerry', 'Simon', '2009-03-11', 4, 2) ,
(79, 'Fred', 'Malakzay', '2008-08-19', 1, 2) ,
(80, 'Richard', 'James', '2006-01-04', 12, 1) ,
(81, 'Bernard', 'Phoenix', '2009-02-06', 9, 2) ,
(82, 'Chester', 'Charles', '2006-01-09', 16, 3) ,
(83, 'Walter', 'Christian', '2007-08-02', 8, 2) ,
(84, 'Henry', 'Ambrose', '2010-02-02', 17, 1) ,
(85, 'Louis', 'Jacobs', '2009-06-02', 4, 5) ,
(86, 'George', 'Brodie', '2010-10-06', 11, 3) ,
(87, 'Guy', 'Ambrose', '2009-09-18', 3, 4) ,
(88, 'Alex', 'Moses', '2006-05-11', 5, 2) ,
(89, 'Julius', 'Joseph', '2007-09-04', 4, 2) ,
(90, 'Bernard', 'Simon', '2007-10-04', 6, 2) ,
(91, 'Hugh', 'Martin', '2008-11-08', 16, 3) ,
(92, 'Raymond', 'Nibbs', '2007-11-25', 11, 5) ,
(93, 'Robert', 'Bailey', '2007-07-05', 10, 3) ,
(94, 'Carl', 'Saab', '2010-09-18', 16, 5) ,
(95, 'Lee', 'Tonge', '2008-07-27', 8, 5) ,
(96, 'Lee', 'Brodie', '2006-02-04', 6, 4) ,
(97, 'Leo', 'Robinson', '2007-09-01', 1, 2) ,
(98, 'Archie', 'Phillip', '2006-06-23', 7, 3) ,
(99, 'Ira', 'Lindsay', '2010-08-31', 1, 2) ,
(100, 'Joseph', 'Ambrose', '2008-06-01', 11, 1)

SET IDENTITY_INSERT Player OFF
GO

SET IDENTITY_INSERT Fixture ON
INSERT INTO [dbo].[Fixture]
				([FixtureID],
				[TeamID],
				[Opponent],
				[Away],
				[Date])
VALUES 	(1, 1, 'Manchester United', 1, '2024-04-24 17:00') ,
(2, 1, 'Liverpool', 1, '2024-07-13 17:00') ,
(3, 1, 'Tottenham Hotspur', 1, '2024-11-14 17:00') ,
(4, 1, 'Sundowns', 1, '2024-11-19 17:00') ,
(5, 1, 'Pirates', 1, '2024-12-03 17:00') ,
(6, 2, 'Everton', 1, '2024-07-25 17:00') ,
(7, 2, 'Man City', 1, '2024-09-28 17:00') ,
(8, 2, 'Chiefs', 1, '2024-08-08 17:00') ,
(9, 2, 'Lions', 1, '2024-09-24 17:00') ,
(10, 2, 'Bulls', 1, '2024-08-29 17:00') ,
(11, 3, 'West Ham', 1, '2024-02-19 17:00') ,
(12, 3, 'Arsenal', 1, '2024-01-23 17:00') ,
(13, 3, 'Stormers', 1, '2024-01-15 17:00') ,
(14, 3, 'Sharks', 1, '2024-11-08 17:00') ,
(15, 3, 'Cheetahs', 1, '2024-01-15 17:00') ,
(16, 4, 'Leeds', 1, '2024-01-23 17:00') ,
(17, 4, 'Brentford', 1, '2024-01-16 17:00') ,
(18, 4, 'Aston Villa', 1, '2024-08-04 17:00') ,
(19, 4, 'Pumas', 1, '2024-05-06 17:00') ,
(20, 4, 'Griquas', 1, '2024-12-21 17:00') ,
(21, 5, 'Leinster', 1, '2024-08-26 17:00') ,
(22, 5, 'Munster', 1, '2024-06-29 17:00') ,
(23, 5, 'Ulster', 1, '2024-01-05 17:00') ,
(24, 5, 'Saracens', 1, '2024-06-09 17:00') ,
(25, 5, 'Toulon', 1, '2024-07-11 17:00') ,
(26, 1, 'Manchester United', 0, '2024-04-23 17:00') ,
(27, 1, 'Liverpool', 0, '2024-09-14 17:00') ,
(28, 1, 'Tottenham Hotspur', 0, '2024-04-11 17:00') ,
(29, 1, 'Sundowns', 0, '2024-08-20 17:00') ,
(30, 1, 'Pirates', 0, '2024-03-19 17:00') ,
(31, 2, 'Everton', 0, '2024-08-17 17:00') ,
(32, 2, 'Man City', 0, '2024-12-28 17:00') ,
(33, 2, 'Chiefs', 0, '2024-07-26 17:00') ,
(34, 2, 'Lions', 0, '2024-03-25 17:00') ,
(35, 2, 'Bulls', 0, '2024-04-29 17:00') ,
(36, 3, 'West Ham', 0, '2024-10-21 17:00') ,
(37, 3, 'Arsenal', 0, '2024-07-31 17:00') ,
(38, 3, 'Stormers', 0, '2024-07-06 17:00') ,
(39, 3, 'Sharks', 0, '2024-01-31 17:00') ,
(40, 3, 'Cheetahs', 0, '2024-03-07 17:00') ,
(41, 4, 'Leeds', 0, '2024-04-23 17:00') ,
(42, 4, 'Brentford', 0, '2024-01-07 17:00') ,
(43, 4, 'Aston Villa', 0, '2024-10-19 17:00') ,
(44, 4, 'Pumas', 0, '2024-04-04 17:00') ,
(45, 4, 'Griquas', 0, '2024-05-15 17:00') ,
(46, 5, 'Leinster', 0, '2024-08-14 17:00') ,
(47, 5, 'Munster', 0, '2024-07-02 17:00') ,
(48, 5, 'Ulster', 0, '2024-06-12 17:00') ,
(49, 5, 'Saracens', 0, '2024-02-29 17:00') ,
(50, 5, 'Toulon', 0, '2024-03-11 17:00')
SET IDENTITY_INSERT Fixture OFF
GO