SET
    IDENTITY_INSERT StaffCode ON
INSERT INTO
    [dbo].[StaffCode] ([StaffCodeID], [StaffCodeType])
VALUES
    (1, 'Coach'),
    (2, 'AssistantCoach'),
    (3, 'Physio'),
    (4, 'Accountant')
SET
    IDENTITY_INSERT StaffCode OFF

SET
    IDENTITY_INSERT PositionCode ON
INSERT INTO
    [dbo].[PositionCode] ([PositionID], [PositionName])
VALUES
    (1, 'GK'),
    (2, 'LB'),
    (3, 'CB'),
    (4, 'RB'),
    (5, 'LWB'),
    (6, 'RWB'),
    (7, 'CDM'),
    (8, 'LM'),
    (9, 'CM'),
    (10, 'RM'),
    (11, 'CAM'),
    (12, 'LW'),
    (13, 'LF'),
    (14, 'CF'),
    (15, 'RF'),
    (16, 'RW'),
    (17, 'ST')
SET
    IDENTITY_INSERT PositionCode OFF

SET
    IDENTITY_INSERT Team ON
INSERT INTO
    [dbo].[Team] (
        [TeamID],
        [Name],
        [IsOurClub]
    )
VALUES
    (1, 'Bulldogs', 1),
    (2, 'Zebras', 1),
    (3, 'Kwaggas', 1),
    (4, 'Puffadders', 1),
    (5, 'Honeybadgers', 1),
    (6, 'Manchester United', 0),
    (7, 'Liverpool', 0),
    (8, 'Tottenham Hotspur', 0),
    (9, 'Sundowns', 0),
    (10, 'Pirates', 0),
    (11, 'Everton', 0),
    (12, 'Man City', 0),
    (13, 'Chiefs', 0),
    (14, 'Lions', 0),
    (15, 'Bulls', 0),
    (16, 'West Ham', 0),
    (17, 'Arsenal', 0),
    (18, 'Stormers', 0),
    (19, 'Sharks', 0),
    (20, 'Cheetahs', 0),
    (21, 'Leeds', 0),
    (22, 'Brentford', 0),
    (23, 'Aston Villa', 0),
    (24, 'Pumas', 0),
    (25, 'Griquas', 0),
    (26, 'Leinster', 0),
    (27, 'Munster', 0),
    (28, 'Ulster', 0),
    (29, 'Saracens', 0),
    (30, 'Toulon', 0)
SET
    IDENTITY_INSERT Team OFF

SET
    IDENTITY_INSERT Staff ON
INSERT INTO
    [dbo].Staff (
        [StaffID],
        [StaffCodeID],
        [TeamID],
        [Name],
        [Surname]
    )
VALUES
    (1, 1, 1, 'Fred', 'Erasmus'),
    (2, 2, 1, 'Werner', 'Lindsay'),
    (3, 1, 2, 'Erik', 'Scheer'),
    (4, 2, 2, 'Petra', 'Skuba'),
    (5, 1, 3, 'Malcolm', 'Mbonambi'),
    (6, 2, 3, 'Siya', 'Marx'),
    (7, 1, 4, 'Red', 'du Toi'),
    (8, 2, 4, 'Kurt-lee', 'Kincey'),
    (9, 1, 5, 'Rassie', 'Robinson'),
    (10, 2, 5, 'Lorin', 'Murray'),
    (11, 1, 6, 'Diego', 'McKay'),
    (12, 2, 6, 'Jacques', 'Kok'),
    (13, 1, 7, 'Jurgen', 'Matfield'),
    (14, 2, 7, 'Pep', 'Croft'),
    (15, 1, 8, 'Lara', 'Ten Hag'),
    (16, 2, 8, 'Faf', 'Nienaber'),
    (17, 1, 9, 'Bongi', 'Guardiola'),
    (18, 2, 9, 'Dorothy', 'Smith'),
    (19, 1, 10, 'Raymon', 'Arendse'),
    (20, 2, 10, 'Duane', 'de Klerk'),
    (21, 1, 11, 'Arvin', 'Klopp'),
    (22, 2, 11, 'Abbie', 'Vermeulen'),
    (23, 1, 12, 'Pieter-Steph', 'Kolisi'),
    (24, 2, 12, 'Victor', 'Lewis'),
    (25, 1, 13, 'John', 'Sigh')
SET
    IDENTITY_INSERT Staff OFF

SET
    IDENTITY_INSERT Player ON
INSERT INTO
    [dbo].Player (
        [PlayerID],
        [Name],
        [Surname],
        [DateOfBirth],
        [PositionCodeID],
        [TeamID]
    )
VALUES
    (1, 'Earl', 'Jacobs', '2008-07-30', 14, 1),
    (2, 'Herbert', 'Jacobs', '2008-11-09', 16, 1),
    (3, 'Horace', 'Moses', '2007-05-01', 6, 1),
    (4, 'Louis', 'Benjamin', '2009-12-12', 3, 1),
    (5, 'Marion', 'Moses', '2008-05-05', 9, 1),
    (6, 'Allen', 'Frank', '2008-06-27', 6, 1),
    (7, 'Elmer', 'Samuel', '2008-11-25', 3, 1),
    (8, 'Robert', 'Alexander', '2006-06-04', 5, 1),
    (9, 'Lee', 'Higgins', '2008-03-18', 5, 1),
    (10, 'Bernard', 'Higgins', '2006-02-14', 11, 1),
    (11, 'Roy', 'Carlisle', '2006-12-27', 15, 1),
    (12, 'Luther', 'Lindsay', '2008-11-21', 9, 1),
    (13, 'Oliver', 'Lloyd', '2008-11-23', 15, 1),
    (14, 'Francis', 'Marsh', '2010-12-12', 4, 1),
    (15, 'Joe', 'Alexander', '2009-07-26', 13, 1),
    (16, 'Ben', 'Carlisle', '2010-07-27', 13, 1),
    (17, 'Lee', 'Grayman', '2010-07-17', 4, 1),
    (18, 'Charlie', 'Percival', '2008-01-09', 6, 1),
    (19, 'Sam', 'Higgins', '2009-10-08', 15, 1),
    (20, 'Harry', 'Potter', '2006-04-21', 1, 1),
    (21, 'Frederick', 'Lewis', '2008-05-28', 13, 2),
    (22, 'Elmer', 'Tonge', '2006-07-12', 5, 2),
    (23, 'Harry', 'Murray', '2008-01-01', 16, 2),
    (24, 'Herman', 'Bryan', '2007-06-29', 1, 2),
    (25, 'Oliver', 'Roberts', '2008-07-31', 10, 2),
    (26, 'Hugh', 'Davis', '2010-01-05', 14, 2),
    (27, 'Arthur', 'Bridges', '2009-02-02', 4, 2),
    (28, 'Alfred', 'Benjamin', '2006-12-12', 11, 2),
    (29, 'Jessie', 'Percival', '2008-06-03', 11, 2),
    (30, 'Philip', 'Lindsay', '2009-12-13', 13, 2),
    (31, 'Edward', 'Browne', '2010-11-19', 10, 2),
    (32, 'Claude', 'Bird', '2009-03-09', 6, 2),
    (33, 'Warren', 'Frank', '2008-10-04', 11, 2),
    (34, 'Robert', 'Stevens', '2009-08-16', 3, 2),
    (35, 'Edwin', 'Benjamin', '2008-10-01', 2, 2),
    (36, 'Julius', 'Watts', '2010-06-16', 4, 2),
    (37, 'Lee', 'Mascoll', '2010-04-16', 10, 2),
    (38, 'Dan', 'Phoenix', '2006-05-09', 10, 2),
    (39, 'Thomas', 'Martin', '2008-04-17', 3, 2),
    (40, 'Eugene', 'Hodge', '2010-03-17', 14, 2),
    (41, 'Lewis', 'Spencer', '2006-04-04', 17, 3),
    (42, 'Julius', 'Farrell', '2006-11-08', 15, 3),
    (43, 'Richard', 'Higgins', '2007-12-30', 13, 3),
    (44, 'Charley', 'Hughes', '2007-05-04', 12, 3),
    (45, 'Milton', 'Mascoll', '2007-01-30', 12, 3),
    (46, 'Guy', 'Walsh', '2010-10-10', 11, 3),
    (47, 'Edward', 'Miller', '2008-12-31', 9, 3),
    (48, 'Richard', 'Item', '2007-07-07', 9, 3),
    (49, 'William', 'Stevens', '2008-10-16', 15, 3),
    (50, 'Earl', 'Percival', '2007-02-22', 13, 3),
    (51, 'Eugene', 'Bird', '2008-12-15', 8, 3),
    (52, 'Horace', 'Bird', '2006-05-21', 15, 3),
    (53, 'Andrew', 'Roberts', '2008-08-21', 11, 3),
    (54, 'Jack', 'Miller', '2006-02-16', 3, 3),
    (55, 'Jack', 'Bridges', '2009-02-07', 9, 3),
    (56, 'Oliver', 'Lindsay', '2009-07-31', 10, 3),
    (57, 'Samuel', 'Blackstock', '2007-10-29', 12, 3),
    (58, 'Louis', 'Tonge', '2008-10-24', 11, 3),
    (59, 'Arthur', 'Lewis', '2009-08-06', 7, 3),
    (60, 'Edward', 'Bridges', '2007-07-06', 1, 3),
    (61, 'Benjamin', 'Smith', '2010-08-07', 2, 4),
    (62, 'Willie', 'Frank', '2009-01-09', 12, 4),
    (63, 'Jacob', 'Grayman', '2006-11-14', 4, 4),
    (64, 'Isaac', 'Farrell', '2006-04-22', 10, 4),
    (65, 'Patrick', 'Jeremy', '2007-03-13', 11, 4),
    (66, 'August', 'Alexander', '2009-03-07', 12, 4),
    (67, 'Jim', 'Farrell', '2006-04-10', 11, 4),
    (68, 'Claude', 'Martin', '2008-02-20', 4, 4),
    (69, 'Sidney', 'Item', '2009-03-02', 5, 4),
    (70, 'Francis', 'Malakzay', '2009-07-29', 13, 4),
    (71, 'Jacob', 'Higgins', '2007-12-13', 10, 4),
    (72, 'Leo', 'Thomas', '2006-08-08', 11, 4),
    (73, 'Jack', 'Potter', '2008-12-03', 16, 4),
    (74, 'Hugh', 'Potter', '2007-06-13', 16, 4),
    (75, 'Daniel', 'Hodge', '2008-03-29', 6, 4),
    (76, 'Jim', 'Richardson', '2009-11-29', 11, 4),
    (77, 'Ira', 'Lovell', '2008-02-09', 9, 4),
    (78, 'Jacob', 'Lewis', '2007-11-10', 17, 4),
    (79, 'Edward', 'Burton', '2009-12-28', 17, 4),
    (80, 'Lawrence', 'Jacobs', '2008-06-06', 15, 4),
    (81, 'Edgar', 'Griffith', '2010-03-22', 17, 5),
    (82, 'Charles', 'Moses', '2009-01-28', 16, 5),
    (83, 'Will', 'Mascoll', '2008-07-30', 5, 5),
    (84, 'Arthur', 'Benjamin', '2007-04-02', 7, 5),
    (85, 'Martin', 'Greene', '2009-04-23', 16, 5),
    (86, 'Fred', 'Frank', '2008-12-08', 5, 5),
    (87, 'Benjamin', 'Falcone', '2008-09-03', 14, 5),
    (88, 'Francis', 'Turner', '2008-06-16', 2, 5),
    (89, 'Bernard', 'Stevens', '2007-12-12', 8, 5),
    (90, 'Fred', 'Smith', '2008-10-26', 12, 5),
    (91, 'Richard', 'Jacobs', '2006-08-08', 15, 5),
    (92, 'Harry', 'Spencer', '2008-10-08', 7, 5),
    (93, 'Earl', 'Mascoll', '2006-11-13', 9, 5),
    (94, 'Richard', 'Gordon', '2007-05-10', 5, 5),
    (95, 'Julius', 'Simon', '2009-07-28', 2, 5),
    (96, 'Jim', 'Vittoria', '2006-05-17', 2, 5),
    (97, 'Frank', 'Malakzay', '2007-03-24', 1, 5),
    (98, 'Leonard', 'Farrell', '2010-06-08', 12, 5),
    (99, 'Lee', 'Higgins', '2010-06-16', 12, 5),
    (100, 'Horace', 'Gordon', '2010-04-06', 16, 5)
SET
    IDENTITY_INSERT Player OFF

SET
    IDENTITY_INSERT Fixture ON
INSERT INTO
    [dbo].[Fixture] (
        [FixtureID],
        [TeamID],
        [OpponentID],
        [Away],
        [Date]
    )
VALUES
    (1, 1, 6, 1, '2024-12-10 13:00'),
    (2, 1, 7, 0, '2024-08-28 17:00'),
    (3, 1, 8, 1, '2024-06-09 17:00'),
    (4, 1, 9, 0, '2024-01-27 17:00'),
    (5, 1, 10, 1, '2024-04-10 13:00'),
    (6, 1, 6, 0, '2024-01-09 15:00'),
    (7, 1, 7, 1, '2024-06-10 17:00'),
    (8, 1, 8, 0, '2024-10-22 17:00'),
    (9, 1, 9, 1, '2024-12-14 13:00'),
    (10, 1, 10, 0, '2024-10-20 17:00'),
    (11, 2, 11, 1, '2024-06-09 15:00'),
    (12, 2, 12, 0, '2024-05-20 17:00'),
    (13, 2, 13, 1, '2024-03-07 17:00'),
    (14, 2, 14, 0, '2024-10-24 15:00'),
    (15, 2, 15, 1, '2024-05-02 17:00'),
    (16, 2, 11, 0, '2024-05-22 15:00'),
    (17, 2, 12, 1, '2024-12-28 13:00'),
    (18, 2, 13, 0, '2024-04-03 15:00'),
    (19, 2, 14, 1, '2024-05-02 17:00'),
    (20, 2, 15, 0, '2024-01-12 15:00'),
    (21, 3, 16, 1, '2024-07-18 13:00'),
    (22, 3, 17, 0, '2024-02-21 13:00'),
    (23, 3, 18, 1, '2024-06-14 17:00'),
    (24, 3, 19, 0, '2024-08-19 13:00'),
    (25, 3, 20, 1, '2024-02-01 15:00'),
    (26, 3, 16, 0, '2024-11-20 15:00'),
    (27, 3, 17, 1, '2024-11-23 13:00'),
    (28, 3, 18, 0, '2024-09-14 15:00'),
    (29, 3, 19, 1, '2024-08-25 15:00'),
    (30, 3, 20, 0, '2024-06-10 17:00'),
    (31, 4, 21, 1, '2024-10-07 17:00'),
    (32, 4, 22, 0, '2024-09-25 15:00'),
    (33, 4, 23, 1, '2024-02-12 17:00'),
    (34, 4, 24, 0, '2024-01-01 15:00'),
    (35, 4, 25, 1, '2024-04-13 17:00'),
    (36, 4, 21, 0, '2024-12-01 13:00'),
    (37, 4, 22, 1, '2024-12-24 17:00'),
    (38, 4, 23, 0, '2024-12-28 17:00'),
    (39, 4, 24, 1, '2024-11-20 17:00'),
    (40, 4, 25, 0, '2024-03-07 15:00'),
    (41, 5, 26, 1, '2024-10-03 15:00'),
    (42, 5, 27, 0, '2024-02-07 15:00'),
    (43, 5, 28, 1, '2024-10-27 15:00'),
    (44, 5, 29, 0, '2024-01-31 17:00'),
    (45, 5, 30, 1, '2024-05-20 17:00'),
    (46, 5, 26, 0, '2024-01-06 15:00'),
    (47, 5, 27, 1, '2024-03-15 15:00'),
    (48, 5, 28, 0, '2024-06-16 17:00'),
    (49, 5, 29, 1, '2024-02-20 15:00'),
    (50, 5, 30, 0, '2024-03-16 17:00')
SET
    IDENTITY_INSERT Fixture OFF

SET
    IDENTITY_INSERT Result ON
INSERT INTO
    [dbo].[Result] (
        [ResultID],
        [FixtureID],
        [GoalsFor],
        [GoalsAgainst]
    )
VALUES
    (1, 1, 2, 1),
    (2, 2, 1, 1),
    (3, 3, 2, 3),
    (4, 4, 4, 2),
    (5, 5, 4, 3),
    (6, 6, 0, 2),
    (7, 7, 0, 3),
    (8, 8, 1, 3),
    (9, 9, 1, 3),
    (10, 10, 3, 3),
    (11, 11, 4, 1),
    (12, 12, 1, 3),
    (13, 13, 3, 0),
    (14, 14, 4, 2),
    (15, 15, 4, 0),
    (16, 16, 2, 3),
    (17, 17, 4, 0),
    (18, 18, 0, 1),
    (19, 19, 2, 1),
    (20, 20, 1, 2),
    (21, 21, 1, 3),
    (22, 22, 0, 1),
    (23, 23, 3, 2),
    (24, 24, 0, 2),
    (25, 25, 4, 3),
    (26, 26, 3, 1),
    (27, 27, 4, 0),
    (28, 28, 4, 0),
    (29, 29, 1, 2),
    (30, 30, 1, 0),
    (31, 31, 4, 3),
    (32, 32, 3, 2),
    (33, 33, 0, 2),
    (34, 34, 1, 3),
    (35, 35, 4, 3),
    (36, 36, 3, 0),
    (37, 37, 1, 0),
    (38, 38, 1, 0),
    (39, 39, 0, 2),
    (40, 40, 4, 1),
    (41, 41, 1, 0),
    (42, 42, 2, 2),
    (43, 43, 4, 0),
    (44, 44, 2, 3),
    (45, 45, 1, 1),
    (46, 46, 3, 3),
    (47, 47, 2, 1),
    (48, 48, 1, 1),
    (49, 49, 1, 1),
    (50, 50, 1, 3)
SET
    IDENTITY_INSERT Result OFF

SET
    IDENTITY_INSERT PlayerFixtureStats ON
INSERT INTO
    [dbo].[PlayerFixtureStats] (
        [PlayerFixtureStatsID],
        [PlayerID],
        [FixtureID],
        [Saves],
        [Assists],
        [Goals],
        [Tackles],
        [YellowCards],
        [RedCards],
        [Fouls]
    )
VALUES
    (1, 1, 1, 0, 0, 1, 2, 0, 0, 0),
    (2, 1, 2, 0, 1, 0, 3, 1, 0, 0),
    (3, 1, 3, 1, 0, 1, 5, 0, 0, 0),
    (4, 1, 4, 1, 0, 1, 4, 0, 0, 0),
    (5, 1, 5, 0, 1, 0, 3, 1, 0, 1),
    (6, 1, 6, 0, 1, 0, 5, 1, 0, 0),
    (7, 1, 7, 0, 0, 0, 0, 1, 0, 0),
    (8, 1, 8, 0, 0, 2, 1, 0, 0, 0),
    (9, 1, 9, 0, 1, 2, 1, 0, 0, 2),
    (10, 1, 10, 0, 1, 0, 7, 0, 0, 0),
    (11, 2, 1, 0, 0, 0, 3, 0, 0, 1),
    (12, 2, 2, 0, 0, 0, 5, 0, 0, 0),
    (13, 2, 3, 0, 1, 1, 1, 0, 0, 2),
    (14, 2, 4, 0, 1, 0, 0, 1, 0, 1),
    (15, 2, 5, 0, 0, 0, 7, 1, 0, 1),
    (16, 2, 6, 0, 0, 0, 4, 0, 0, 2),
    (17, 2, 7, 1, 0, 1, 5, 0, 0, 0),
    (18, 2, 8, 0, 2, 1, 2, 0, 0, 1),
    (19, 2, 9, 0, 2, 0, 4, 0, 0, 1),
    (20, 2, 10, 0, 1, 0, 5, 0, 0, 2),
    (21, 3, 1, 1, 1, 0, 5, 1, 0, 0),
    (22, 3, 2, 1, 0, 2, 5, 0, 0, 0),
    (23, 3, 3, 0, 0, 0, 4, 0, 0, 0),
    (24, 3, 4, 0, 1, 3, 1, 1, 1, 1),
    (25, 3, 5, 0, 1, 1, 5, 0, 0, 0),
    (26, 3, 6, 0, 1, 1, 4, 1, 0, 1),
    (27, 3, 7, 0, 0, 0, 2, 1, 0, 0),
    (28, 3, 8, 0, 0, 2, 6, 0, 0, 0),
    (29, 3, 9, 0, 1, 2, 3, 0, 0, 2),
    (30, 3, 10, 0, 0, 0, 5, 0, 0, 1),
    (31, 4, 1, 0, 2, 0, 3, 0, 0, 1),
    (32, 4, 2, 1, 0, 0, 1, 0, 0, 0),
    (33, 4, 3, 0, 1, 0, 6, 0, 0, 1),
    (34, 4, 4, 0, 1, 2, 2, 1, 0, 0),
    (35, 4, 5, 0, 2, 0, 1, 0, 0, 2),
    (36, 4, 6, 0, 0, 0, 2, 0, 0, 0),
    (37, 4, 7, 1, 1, 0, 7, 0, 0, 1),
    (38, 4, 8, 0, 0, 0, 6, 0, 0, 0),
    (39, 4, 9, 0, 0, 0, 1, 0, 0, 2),
    (40, 4, 10, 0, 2, 0, 2, 1, 1, 0),
    (41, 5, 1, 0, 0, 2, 0, 1, 0, 0),
    (42, 5, 2, 0, 1, 0, 6, 0, 0, 1),
    (43, 5, 3, 0, 0, 1, 0, 0, 1, 2),
    (44, 5, 4, 0, 0, 3, 6, 0, 0, 1),
    (45, 5, 5, 0, 2, 0, 2, 0, 0, 1),
    (46, 5, 6, 0, 0, 1, 1, 0, 0, 1),
    (47, 5, 7, 0, 0, 0, 5, 0, 1, 0),
    (48, 5, 8, 0, 1, 0, 2, 0, 1, 0),
    (49, 5, 9, 0, 2, 0, 2, 0, 0, 2),
    (50, 5, 10, 0, 2, 1, 5, 1, 0, 2),
    (51, 6, 1, 1, 0, 1, 7, 0, 0, 0),
    (52, 6, 2, 0, 1, 0, 5, 0, 0, 2),
    (53, 6, 3, 0, 0, 0, 0, 1, 0, 1),
    (54, 6, 4, 0, 1, 3, 6, 1, 0, 0),
    (55, 6, 5, 0, 0, 2, 5, 0, 0, 0),
    (56, 6, 6, 0, 0, 0, 5, 0, 0, 2),
    (57, 6, 7, 0, 0, 1, 4, 0, 0, 0),
    (58, 6, 8, 0, 2, 0, 2, 0, 0, 1),
    (59, 6, 9, 0, 1, 0, 5, 0, 0, 0),
    (60, 6, 10, 0, 2, 0, 5, 0, 0, 1),
    (61, 7, 1, 0, 0, 0, 6, 0, 0, 0),
    (62, 7, 2, 0, 2, 3, 2, 0, 0, 2),
    (63, 7, 3, 0, 1, 0, 4, 0, 0, 0),
    (64, 7, 4, 0, 1, 0, 2, 0, 0, 0),
    (65, 7, 5, 0, 0, 0, 3, 1, 1, 0),
    (66, 7, 6, 0, 1, 0, 4, 1, 0, 0),
    (67, 7, 7, 0, 1, 0, 6, 1, 0, 1),
    (68, 7, 8, 0, 1, 0, 2, 1, 0, 0),
    (69, 7, 9, 0, 1, 0, 3, 0, 0, 1),
    (70, 7, 10, 0, 1, 0, 1, 0, 0, 0),
    (71, 8, 1, 0, 0, 1, 4, 1, 1, 0),
    (72, 8, 2, 0, 1, 2, 1, 0, 0, 0),
    (73, 8, 3, 0, 1, 0, 7, 1, 0, 1),
    (74, 8, 4, 0, 0, 2, 6, 1, 0, 2),
    (75, 8, 5, 0, 1, 0, 6, 0, 0, 2),
    (76, 8, 6, 0, 1, 0, 0, 0, 1, 2),
    (77, 8, 7, 0, 0, 1, 3, 0, 1, 1),
    (78, 8, 8, 0, 1, 2, 2, 0, 0, 0),
    (79, 8, 9, 1, 1, 0, 6, 1, 0, 0),
    (80, 8, 10, 0, 0, 0, 0, 0, 0, 1),
    (81, 9, 1, 0, 0, 0, 4, 0, 0, 0),
    (82, 9, 2, 0, 0, 3, 5, 1, 0, 0),
    (83, 9, 3, 1, 0, 0, 2, 0, 0, 0),
    (84, 9, 4, 0, 0, 3, 1, 1, 0, 2),
    (85, 9, 5, 0, 0, 2, 1, 0, 1, 0),
    (86, 9, 6, 0, 0, 0, 1, 0, 0, 1),
    (87, 9, 7, 0, 0, 1, 2, 1, 0, 0),
    (88, 9, 8, 1, 0, 1, 5, 0, 0, 0),
    (89, 9, 9, 1, 0, 1, 1, 0, 0, 2),
    (90, 9, 10, 0, 0, 0, 2, 0, 0, 2),
    (91, 10, 1, 0, 0, 0, 1, 0, 1, 1),
    (92, 10, 2, 0, 0, 1, 2, 0, 0, 2),
    (93, 10, 3, 1, 0, 2, 2, 1, 0, 0),
    (94, 10, 4, 0, 2, 3, 6, 0, 0, 0),
    (95, 10, 5, 1, 0, 2, 1, 0, 0, 0),
    (96, 10, 6, 0, 0, 0, 7, 1, 0, 0),
    (97, 10, 7, 0, 1, 0, 6, 0, 0, 1),
    (98, 10, 8, 0, 1, 0, 6, 1, 0, 0),
    (99, 10, 9, 0, 0, 0, 6, 0, 0, 1),
    (100, 10, 10, 0, 0, 0, 4, 0, 0, 1),
    (101, 11, 1, 0, 1, 1, 3, 0, 0, 1),
    (102, 11, 2, 0, 0, 0, 2, 0, 0, 0),
    (103, 11, 3, 0, 0, 2, 6, 1, 0, 0),
    (104, 11, 4, 0, 2, 0, 4, 0, 0, 1),
    (105, 11, 5, 0, 0, 2, 4, 1, 0, 2),
    (106, 11, 6, 0, 1, 1, 2, 1, 0, 1),
    (107, 11, 7, 0, 1, 0, 6, 0, 0, 0),
    (108, 11, 8, 0, 0, 1, 2, 1, 0, 1),
    (109, 11, 9, 0, 2, 3, 7, 1, 0, 2),
    (110, 11, 10, 1, 1, 2, 6, 0, 0, 0),
    (111, 12, 1, 0, 1, 2, 2, 0, 0, 0),
    (112, 12, 2, 1, 1, 1, 6, 1, 0, 1),
    (113, 12, 3, 0, 2, 3, 6, 0, 0, 2),
    (114, 12, 4, 0, 0, 1, 4, 1, 0, 2),
    (115, 12, 5, 0, 1, 1, 0, 0, 0, 1),
    (116, 12, 6, 0, 0, 0, 4, 0, 0, 0),
    (117, 12, 7, 0, 0, 0, 5, 0, 0, 2),
    (118, 12, 8, 0, 0, 1, 4, 0, 0, 0),
    (119, 12, 9, 0, 0, 0, 4, 0, 0, 0),
    (120, 12, 10, 1, 1, 0, 7, 0, 0, 0),
    (121, 13, 1, 0, 0, 0, 4, 0, 1, 2),
    (122, 13, 2, 0, 1, 2, 2, 0, 0, 0),
    (123, 13, 3, 1, 0, 2, 4, 0, 1, 0),
    (124, 13, 4, 0, 0, 1, 3, 1, 0, 0),
    (125, 13, 5, 1, 2, 1, 5, 0, 0, 0),
    (126, 13, 6, 0, 2, 0, 0, 0, 0, 1),
    (127, 13, 7, 0, 0, 3, 4, 0, 0, 1),
    (128, 13, 8, 1, 0, 0, 2, 0, 0, 1),
    (129, 13, 9, 0, 0, 0, 2, 1, 0, 0),
    (130, 13, 10, 0, 0, 0, 3, 0, 0, 0),
    (131, 14, 1, 0, 1, 0, 7, 1, 0, 0),
    (132, 14, 2, 0, 1, 2, 4, 0, 0, 2),
    (133, 14, 3, 0, 2, 0, 7, 1, 0, 0),
    (134, 14, 4, 0, 1, 0, 4, 0, 0, 0),
    (135, 14, 5, 0, 1, 0, 5, 1, 0, 0),
    (136, 14, 6, 0, 1, 0, 4, 0, 0, 0),
    (137, 14, 7, 0, 0, 0, 6, 0, 0, 1),
    (138, 14, 8, 0, 1, 2, 4, 0, 0, 0),
    (139, 14, 9, 0, 1, 0, 5, 0, 0, 0),
    (140, 14, 10, 0, 0, 0, 1, 1, 0, 1),
    (141, 15, 1, 0, 1, 1, 7, 0, 0, 0),
    (142, 15, 2, 0, 2, 3, 3, 0, 1, 1),
    (143, 15, 3, 1, 0, 1, 3, 1, 0, 0),
    (144, 15, 4, 0, 0, 0, 1, 1, 1, 1),
    (145, 15, 5, 0, 0, 2, 1, 1, 0, 0),
    (146, 15, 6, 0, 0, 0, 6, 0, 1, 1),
    (147, 15, 7, 0, 0, 2, 1, 0, 0, 0),
    (148, 15, 8, 1, 0, 0, 7, 1, 0, 0),
    (149, 15, 9, 0, 1, 0, 2, 0, 0, 1),
    (150, 15, 10, 0, 1, 1, 2, 0, 0, 2),
    (151, 16, 1, 0, 1, 2, 0, 0, 0, 0),
    (152, 16, 2, 0, 2, 0, 1, 1, 0, 0),
    (153, 16, 3, 0, 2, 3, 7, 0, 0, 2),
    (154, 16, 4, 0, 0, 1, 3, 0, 0, 0),
    (155, 16, 5, 0, 0, 3, 7, 1, 0, 0),
    (156, 16, 6, 0, 0, 0, 2, 1, 0, 1),
    (157, 16, 7, 0, 2, 3, 5, 0, 0, 0),
    (158, 16, 8, 0, 1, 0, 6, 0, 0, 2),
    (159, 16, 9, 0, 0, 1, 6, 1, 0, 2),
    (160, 16, 10, 0, 0, 0, 1, 1, 0, 1),
    (161, 17, 1, 0, 0, 0, 7, 1, 0, 0),
    (162, 17, 2, 0, 1, 0, 7, 1, 0, 2),
    (163, 17, 3, 0, 1, 0, 2, 0, 0, 2),
    (164, 17, 4, 0, 2, 2, 1, 0, 0, 0),
    (165, 17, 5, 0, 0, 3, 0, 0, 0, 0),
    (166, 17, 6, 1, 0, 0, 2, 1, 0, 1),
    (167, 17, 7, 0, 0, 0, 3, 0, 0, 2),
    (168, 17, 8, 0, 0, 2, 2, 0, 0, 2),
    (169, 17, 9, 1, 2, 0, 3, 1, 0, 0),
    (170, 17, 10, 0, 0, 0, 7, 0, 0, 2),
    (171, 18, 1, 1, 1, 1, 2, 0, 0, 0),
    (172, 18, 2, 0, 0, 0, 5, 0, 0, 1),
    (173, 18, 3, 0, 1, 0, 7, 1, 0, 1),
    (174, 18, 4, 0, 0, 0, 7, 0, 0, 1),
    (175, 18, 5, 0, 0, 0, 7, 0, 0, 2),
    (176, 18, 6, 0, 0, 0, 0, 0, 0, 2),
    (177, 18, 7, 0, 1, 0, 1, 0, 0, 0),
    (178, 18, 8, 1, 0, 0, 6, 0, 0, 0),
    (179, 18, 9, 0, 0, 0, 1, 1, 0, 1),
    (180, 18, 10, 0, 0, 1, 7, 1, 0, 0),
    (181, 19, 1, 0, 0, 0, 3, 1, 1, 0),
    (182, 19, 2, 0, 1, 0, 3, 0, 1, 0),
    (183, 19, 3, 0, 0, 0, 6, 0, 0, 1),
    (184, 19, 4, 1, 2, 1, 5, 1, 0, 0),
    (185, 19, 5, 0, 0, 0, 6, 1, 0, 1),
    (186, 19, 6, 0, 1, 0, 7, 0, 0, 0),
    (187, 19, 7, 0, 0, 0, 2, 0, 0, 1),
    (188, 19, 8, 0, 0, 0, 3, 0, 0, 2),
    (189, 19, 9, 1, 2, 0, 6, 0, 0, 1),
    (190, 19, 10, 0, 0, 1, 6, 1, 0, 0),
    (191, 20, 1, 0, 1, 2, 2, 0, 0, 1),
    (192, 20, 2, 0, 0, 1, 3, 0, 0, 1),
    (193, 20, 3, 0, 1, 0, 0, 1, 0, 1),
    (194, 20, 4, 0, 2, 1, 7, 0, 0, 1),
    (195, 20, 5, 1, 0, 0, 4, 0, 0, 0),
    (196, 20, 6, 1, 0, 3, 2, 1, 0, 2),
    (197, 20, 7, 0, 1, 0, 4, 0, 1, 0),
    (198, 20, 8, 0, 2, 2, 7, 0, 0, 1),
    (199, 20, 9, 0, 1, 0, 6, 0, 0, 0),
    (200, 20, 10, 0, 1, 0, 7, 1, 1, 0),
    (201, 21, 11, 0, 1, 0, 5, 0, 0, 1),
    (202, 21, 12, 1, 0, 0, 3, 1, 0, 0),
    (203, 21, 13, 0, 1, 0, 4, 1, 0, 0),
    (204, 21, 14, 0, 1, 0, 5, 0, 0, 0),
    (205, 21, 15, 1, 0, 2, 3, 0, 0, 1),
    (206, 21, 16, 0, 0, 0, 7, 0, 1, 0),
    (207, 21, 17, 0, 0, 0, 7, 1, 0, 0),
    (208, 21, 18, 0, 0, 1, 6, 1, 2, 0),
    (209, 21, 19, 1, 0, 2, 0, 0, 0, 0),
    (210, 21, 20, 0, 0, 3, 2, 1, 2, 1),
    (211, 22, 11, 0, 0, 3, 3, 0, 0, 0),
    (212, 22, 12, 0, 2, 0, 3, 0, 0, 0),
    (213, 22, 13, 0, 1, 1, 6, 0, 2, 0),
    (214, 22, 14, 0, 1, 1, 1, 0, 2, 0),
    (215, 22, 15, 0, 1, 0, 0, 0, 0, 0),
    (216, 22, 16, 0, 0, 0, 3, 1, 0, 0),
    (217, 22, 17, 0, 0, 0, 0, 1, 0, 1),
    (218, 22, 18, 0, 1, 2, 1, 1, 0, 0),
    (219, 22, 19, 0, 0, 0, 4, 0, 1, 0),
    (220, 22, 20, 0, 0, 1, 0, 1, 0, 0),
    (221, 23, 11, 0, 0, 2, 3, 0, 1, 0),
    (222, 23, 12, 0, 0, 3, 6, 1, 1, 1),
    (223, 23, 13, 0, 1, 0, 5, 0, 0, 0),
    (224, 23, 14, 0, 2, 0, 1, 0, 2, 0),
    (225, 23, 15, 0, 1, 0, 6, 1, 1, 0),
    (226, 23, 16, 0, 1, 0, 4, 1, 1, 0),
    (227, 23, 17, 0, 1, 0, 7, 1, 0, 0),
    (228, 23, 18, 0, 2, 2, 6, 0, 0, 0),
    (229, 23, 19, 0, 0, 0, 7, 0, 2, 0),
    (230, 23, 20, 1, 0, 0, 4, 1, 0, 0),
    (231, 24, 11, 0, 0, 1, 5, 1, 0, 0),
    (232, 24, 12, 0, 0, 1, 6, 1, 0, 0),
    (233, 24, 13, 0, 1, 0, 0, 0, 0, 0),
    (234, 24, 14, 1, 0, 0, 4, 1, 0, 0),
    (235, 24, 15, 1, 1, 2, 1, 1, 1, 0),
    (236, 24, 16, 0, 1, 0, 1, 1, 0, 0),
    (237, 24, 17, 0, 1, 1, 7, 0, 0, 0),
    (238, 24, 18, 0, 2, 0, 2, 1, 0, 1),
    (239, 24, 19, 0, 2, 0, 2, 1, 0, 1),
    (240, 24, 20, 0, 0, 0, 3, 1, 0, 1),
    (241, 25, 11, 1, 0, 2, 6, 1, 1, 0),
    (242, 25, 12, 0, 0, 2, 1, 1, 2, 0),
    (243, 25, 13, 0, 1, 0, 1, 1, 0, 0),
    (244, 25, 14, 0, 0, 0, 2, 0, 0, 0),
    (245, 25, 15, 0, 2, 3, 7, 1, 1, 0),
    (246, 25, 16, 0, 0, 0, 7, 0, 1, 0),
    (247, 25, 17, 0, 1, 1, 2, 1, 0, 0),
    (248, 25, 18, 0, 2, 3, 5, 0, 0, 0),
    (249, 25, 19, 0, 0, 3, 3, 1, 0, 0),
    (250, 25, 20, 1, 1, 2, 2, 1, 1, 0),
    (251, 26, 11, 0, 2, 1, 0, 1, 0, 0),
    (252, 26, 12, 0, 2, 2, 3, 1, 2, 0),
    (253, 26, 13, 1, 1, 1, 4, 1, 0, 1),
    (254, 26, 14, 0, 1, 0, 0, 1, 0, 0),
    (255, 26, 15, 0, 0, 0, 7, 1, 1, 0),
    (256, 26, 16, 1, 0, 2, 2, 0, 2, 1),
    (257, 26, 17, 0, 0, 0, 5, 0, 0, 1),
    (258, 26, 18, 1, 1, 0, 1, 0, 0, 0),
    (259, 26, 19, 0, 0, 1, 2, 0, 0, 0),
    (260, 26, 20, 0, 1, 1, 5, 1, 2, 0),
    (261, 27, 11, 1, 1, 0, 6, 0, 0, 0),
    (262, 27, 12, 0, 0, 0, 6, 0, 0, 1),
    (263, 27, 13, 1, 2, 0, 1, 1, 0, 0),
    (264, 27, 14, 0, 1, 3, 1, 1, 0, 0),
    (265, 27, 15, 0, 0, 1, 6, 0, 2, 0),
    (266, 27, 16, 0, 1, 0, 0, 1, 0, 0),
    (267, 27, 17, 0, 0, 0, 3, 1, 1, 1),
    (268, 27, 18, 1, 1, 0, 3, 0, 1, 0),
    (269, 27, 19, 0, 0, 1, 0, 0, 0, 0),
    (270, 27, 20, 0, 0, 3, 6, 1, 1, 0),
    (271, 28, 11, 1, 0, 0, 0, 1, 2, 0),
    (272, 28, 12, 0, 1, 3, 4, 1, 1, 0),
    (273, 28, 13, 1, 0, 3, 5, 0, 0, 0),
    (274, 28, 14, 1, 1, 2, 0, 0, 0, 0),
    (275, 28, 15, 0, 0, 0, 5, 0, 0, 0),
    (276, 28, 16, 0, 1, 1, 4, 0, 0, 0),
    (277, 28, 17, 1, 0, 3, 4, 0, 1, 1),
    (278, 28, 18, 0, 1, 0, 7, 1, 0, 0),
    (279, 28, 19, 0, 0, 0, 1, 1, 0, 0),
    (280, 28, 20, 0, 0, 2, 1, 0, 0, 0),
    (281, 29, 11, 0, 0, 3, 5, 1, 0, 0),
    (282, 29, 12, 0, 0, 1, 7, 0, 1, 0),
    (283, 29, 13, 0, 1, 1, 3, 1, 0, 0),
    (284, 29, 14, 0, 1, 1, 0, 1, 0, 0),
    (285, 29, 15, 0, 0, 0, 5, 1, 0, 0),
    (286, 29, 16, 0, 0, 3, 1, 1, 2, 0),
    (287, 29, 17, 0, 1, 1, 1, 1, 0, 0),
    (288, 29, 18, 0, 0, 0, 1, 1, 0, 0),
    (289, 29, 19, 0, 1, 2, 5, 0, 0, 0),
    (290, 29, 20, 0, 2, 0, 0, 1, 1, 0),
    (291, 30, 11, 0, 0, 2, 6, 1, 0, 0),
    (292, 30, 12, 0, 0, 0, 4, 0, 0, 0),
    (293, 30, 13, 0, 0, 1, 6, 1, 0, 0),
    (294, 30, 14, 0, 1, 2, 4, 1, 2, 0),
    (295, 30, 15, 0, 2, 0, 6, 0, 1, 0),
    (296, 30, 16, 0, 1, 0, 1, 1, 0, 1),
    (297, 30, 17, 0, 0, 0, 4, 1, 2, 0),
    (298, 30, 18, 0, 1, 2, 7, 0, 0, 0),
    (299, 30, 19, 0, 0, 0, 6, 0, 1, 1),
    (300, 30, 20, 0, 1, 0, 2, 1, 1, 1),
    (301, 31, 11, 0, 2, 2, 7, 0, 0, 0),
    (302, 31, 12, 0, 1, 0, 4, 0, 2, 1),
    (303, 31, 13, 0, 0, 0, 6, 0, 0, 0),
    (304, 31, 14, 0, 1, 0, 3, 1, 0, 0),
    (305, 31, 15, 0, 0, 1, 4, 1, 2, 0),
    (306, 31, 16, 1, 0, 0, 0, 0, 0, 0),
    (307, 31, 17, 0, 0, 0, 1, 0, 2, 0),
    (308, 31, 18, 1, 1, 0, 5, 1, 1, 0),
    (309, 31, 19, 0, 0, 2, 2, 0, 1, 0),
    (310, 31, 20, 1, 1, 0, 0, 0, 0, 0),
    (311, 32, 11, 0, 2, 0, 4, 1, 1, 0),
    (312, 32, 12, 0, 0, 0, 5, 0, 0, 0),
    (313, 32, 13, 0, 1, 0, 7, 1, 0, 0),
    (314, 32, 14, 0, 1, 0, 5, 0, 0, 0),
    (315, 32, 15, 0, 0, 0, 0, 1, 1, 0),
    (316, 32, 16, 0, 0, 1, 4, 1, 2, 0),
    (317, 32, 17, 0, 0, 1, 6, 1, 1, 0),
    (318, 32, 18, 0, 0, 0, 3, 1, 0, 0),
    (319, 32, 19, 0, 0, 0, 3, 1, 1, 0),
    (320, 32, 20, 0, 2, 0, 2, 1, 0, 0),
    (321, 33, 11, 0, 0, 0, 5, 1, 1, 0),
    (322, 33, 12, 0, 0, 3, 5, 0, 0, 0),
    (323, 33, 13, 0, 2, 1, 5, 1, 0, 0),
    (324, 33, 14, 0, 1, 0, 3, 0, 1, 0),
    (325, 33, 15, 0, 1, 0, 4, 1, 0, 0),
    (326, 33, 16, 0, 2, 0, 4, 0, 0, 0),
    (327, 33, 17, 0, 2, 0, 7, 0, 0, 0),
    (328, 33, 18, 0, 0, 0, 6, 0, 2, 0),
    (329, 33, 19, 0, 1, 0, 2, 0, 2, 0),
    (330, 33, 20, 0, 2, 0, 2, 0, 0, 0),
    (331, 34, 11, 0, 1, 1, 6, 0, 0, 0),
    (332, 34, 12, 0, 1, 0, 0, 1, 0, 0),
    (333, 34, 13, 0, 0, 0, 0, 1, 1, 0),
    (334, 34, 14, 0, 0, 0, 7, 1, 0, 1),
    (335, 34, 15, 0, 0, 0, 5, 0, 1, 0),
    (336, 34, 16, 0, 0, 0, 5, 0, 0, 0),
    (337, 34, 17, 1, 0, 1, 0, 0, 1, 0),
    (338, 34, 18, 0, 1, 1, 4, 1, 0, 0),
    (339, 34, 19, 1, 0, 1, 3, 0, 2, 0),
    (340, 34, 20, 0, 0, 0, 6, 0, 0, 0),
    (341, 35, 11, 0, 1, 3, 4, 0, 0, 0),
    (342, 35, 12, 0, 1, 2, 2, 1, 1, 0),
    (343, 35, 13, 1, 0, 2, 0, 0, 0, 0),
    (344, 35, 14, 0, 1, 1, 5, 0, 0, 0),
    (345, 35, 15, 1, 0, 1, 6, 1, 1, 0),
    (346, 35, 16, 0, 0, 0, 2, 1, 1, 0),
    (347, 35, 17, 0, 1, 1, 7, 1, 0, 1),
    (348, 35, 18, 0, 1, 0, 6, 0, 2, 0),
    (349, 35, 19, 0, 0, 2, 0, 1, 0, 0),
    (350, 35, 20, 0, 2, 3, 1, 0, 0, 0),
    (351, 36, 11, 0, 0, 2, 6, 1, 1, 0),
    (352, 36, 12, 0, 0, 0, 1, 1, 1, 0),
    (353, 36, 13, 0, 0, 2, 2, 0, 0, 0),
    (354, 36, 14, 0, 2, 0, 5, 1, 1, 0),
    (355, 36, 15, 1, 0, 0, 4, 1, 1, 1),
    (356, 36, 16, 0, 1, 0, 1, 0, 0, 0),
    (357, 36, 17, 0, 0, 0, 3, 0, 1, 0),
    (358, 36, 18, 0, 1, 3, 3, 0, 0, 0),
    (359, 36, 19, 0, 2, 0, 5, 0, 1, 0),
    (360, 36, 20, 0, 1, 0, 1, 1, 0, 0),
    (361, 37, 11, 0, 0, 1, 5, 0, 0, 0),
    (362, 37, 12, 0, 1, 2, 1, 0, 0, 1),
    (363, 37, 13, 0, 0, 0, 3, 0, 1, 0),
    (364, 37, 14, 0, 2, 0, 2, 0, 0, 0),
    (365, 37, 15, 0, 1, 0, 3, 0, 0, 0),
    (366, 37, 16, 0, 0, 0, 6, 0, 2, 0),
    (367, 37, 17, 0, 0, 0, 3, 0, 0, 0),
    (368, 37, 18, 0, 0, 0, 6, 1, 1, 0),
    (369, 37, 19, 1, 0, 2, 6, 1, 1, 0),
    (370, 37, 20, 0, 0, 1, 0, 0, 0, 0),
    (371, 38, 11, 0, 0, 2, 7, 0, 2, 1),
    (372, 38, 12, 0, 0, 0, 7, 1, 0, 0),
    (373, 38, 13, 0, 2, 0, 5, 1, 0, 0),
    (374, 38, 14, 0, 0, 1, 1, 1, 1, 0),
    (375, 38, 15, 1, 1, 0, 0, 1, 0, 1),
    (376, 38, 16, 0, 1, 0, 7, 1, 0, 0),
    (377, 38, 17, 0, 2, 0, 6, 1, 2, 0),
    (378, 38, 18, 0, 0, 1, 2, 1, 2, 0),
    (379, 38, 19, 0, 0, 0, 2, 1, 1, 0),
    (380, 38, 20, 0, 1, 2, 7, 1, 1, 0),
    (381, 39, 11, 0, 1, 0, 6, 0, 0, 1),
    (382, 39, 12, 0, 0, 0, 3, 1, 1, 0),
    (383, 39, 13, 0, 0, 0, 2, 1, 0, 1),
    (384, 39, 14, 0, 0, 1, 4, 1, 1, 1),
    (385, 39, 15, 1, 0, 2, 1, 1, 0, 0),
    (386, 39, 16, 1, 1, 0, 3, 1, 2, 1),
    (387, 39, 17, 1, 1, 0, 7, 1, 2, 0),
    (388, 39, 18, 1, 0, 0, 4, 1, 2, 0),
    (389, 39, 19, 0, 0, 1, 6, 1, 0, 0),
    (390, 39, 20, 1, 0, 0, 3, 1, 0, 1),
    (391, 40, 11, 0, 0, 0, 6, 1, 0, 0),
    (392, 40, 12, 0, 0, 0, 3, 1, 2, 0),
    (393, 40, 13, 0, 0, 0, 2, 1, 2, 0),
    (394, 40, 14, 0, 1, 0, 5, 1, 0, 0),
    (395, 40, 15, 0, 1, 0, 5, 0, 1, 1),
    (396, 40, 16, 0, 0, 0, 4, 0, 0, 0),
    (397, 40, 17, 1, 1, 0, 0, 0, 0, 0),
    (398, 40, 18, 0, 0, 0, 1, 0, 1, 0),
    (399, 40, 19, 0, 1, 3, 5, 0, 1, 0),
    (400, 40, 20, 0, 1, 2, 4, 0, 0, 0),
    (401, 41, 21, 0, 1, 0, 1, 1, 1, 0),
    (402, 41, 22, 0, 0, 0, 5, 1, 2, 0),
    (403, 41, 23, 0, 0, 0, 0, 1, 0, 0),
    (404, 41, 24, 0, 0, 1, 4, 1, 2, 1),
    (405, 41, 25, 0, 0, 0, 6, 1, 0, 0),
    (406, 41, 26, 1, 1, 1, 1, 0, 0, 0),
    (407, 41, 27, 0, 0, 1, 5, 0, 1, 0),
    (408, 41, 28, 0, 2, 0, 5, 0, 0, 1),
    (409, 41, 29, 0, 2, 0, 5, 1, 1, 0),
    (410, 41, 30, 0, 0, 1, 6, 1, 0, 0),
    (411, 42, 21, 0, 1, 1, 4, 1, 0, 0),
    (412, 42, 22, 1, 1, 0, 1, 0, 0, 0),
    (413, 42, 23, 1, 1, 0, 6, 1, 0, 0),
    (414, 42, 24, 0, 0, 0, 3, 1, 1, 0),
    (415, 42, 25, 0, 1, 0, 0, 1, 2, 0),
    (416, 42, 26, 0, 1, 0, 1, 0, 1, 1),
    (417, 42, 27, 0, 0, 0, 7, 0, 0, 1),
    (418, 42, 28, 0, 0, 1, 4, 0, 1, 0),
    (419, 42, 29, 0, 2, 0, 4, 0, 0, 0),
    (420, 42, 30, 0, 1, 3, 1, 1, 1, 1),
    (421, 43, 21, 1, 1, 0, 0, 1, 0, 0),
    (422, 43, 22, 1, 0, 1, 5, 1, 1, 0),
    (423, 43, 23, 0, 2, 0, 4, 1, 1, 0),
    (424, 43, 24, 0, 0, 2, 4, 0, 1, 0),
    (425, 43, 25, 0, 1, 0, 4, 0, 0, 1),
    (426, 43, 26, 0, 2, 0, 6, 0, 1, 0),
    (427, 43, 27, 0, 1, 0, 6, 0, 0, 0),
    (428, 43, 28, 0, 2, 0, 2, 1, 1, 0),
    (429, 43, 29, 0, 0, 3, 4, 0, 0, 1),
    (430, 43, 30, 0, 0, 0, 0, 0, 0, 0),
    (431, 44, 21, 1, 1, 0, 4, 1, 0, 0),
    (432, 44, 22, 0, 2, 2, 7, 0, 0, 0),
    (433, 44, 23, 0, 0, 1, 0, 1, 0, 0),
    (434, 44, 24, 0, 2, 1, 1, 1, 0, 0),
    (435, 44, 25, 0, 1, 0, 7, 1, 1, 1),
    (436, 44, 26, 0, 1, 0, 2, 0, 0, 0),
    (437, 44, 27, 0, 0, 0, 0, 1, 2, 0),
    (438, 44, 28, 0, 0, 0, 5, 1, 0, 0),
    (439, 44, 29, 0, 0, 0, 4, 1, 1, 1),
    (440, 44, 30, 0, 0, 0, 4, 0, 2, 0),
    (441, 45, 21, 0, 1, 1, 1, 0, 1, 0),
    (442, 45, 22, 0, 1, 1, 2, 0, 0, 0),
    (443, 45, 23, 0, 0, 0, 0, 1, 1, 0),
    (444, 45, 24, 0, 0, 0, 4, 1, 1, 0),
    (445, 45, 25, 0, 0, 0, 5, 0, 0, 0),
    (446, 45, 26, 0, 0, 0, 2, 1, 0, 0),
    (447, 45, 27, 0, 0, 0, 1, 1, 2, 0),
    (448, 45, 28, 0, 1, 1, 1, 1, 2, 0),
    (449, 45, 29, 1, 0, 1, 0, 0, 2, 0),
    (450, 45, 30, 0, 2, 0, 1, 1, 1, 0),
    (451, 46, 21, 0, 2, 1, 4, 1, 1, 0),
    (452, 46, 22, 0, 0, 0, 5, 0, 0, 0),
    (453, 46, 23, 1, 0, 0, 4, 0, 2, 0),
    (454, 46, 24, 0, 1, 0, 7, 1, 0, 0),
    (455, 46, 25, 0, 0, 3, 4, 1, 1, 0),
    (456, 46, 26, 0, 0, 0, 2, 1, 0, 0),
    (457, 46, 27, 0, 2, 0, 4, 1, 1, 0),
    (458, 46, 28, 0, 1, 1, 6, 1, 1, 0),
    (459, 46, 29, 0, 0, 0, 3, 1, 0, 0),
    (460, 46, 30, 0, 1, 1, 3, 0, 0, 0),
    (461, 47, 21, 0, 0, 0, 0, 0, 0, 0),
    (462, 47, 22, 0, 0, 0, 0, 0, 1, 0),
    (463, 47, 23, 0, 0, 0, 7, 1, 0, 0),
    (464, 47, 24, 1, 1, 1, 3, 1, 1, 1),
    (465, 47, 25, 0, 0, 1, 5, 0, 1, 0),
    (466, 47, 26, 0, 0, 0, 7, 0, 0, 0),
    (467, 47, 27, 0, 2, 1, 4, 0, 0, 0),
    (468, 47, 28, 0, 1, 0, 6, 1, 1, 0),
    (469, 47, 29, 0, 1, 3, 3, 1, 0, 0),
    (470, 47, 30, 0, 0, 1, 3, 1, 1, 0),
    (471, 48, 21, 0, 0, 0, 4, 0, 1, 0),
    (472, 48, 22, 0, 0, 1, 2, 0, 0, 0),
    (473, 48, 23, 0, 0, 0, 1, 0, 0, 0),
    (474, 48, 24, 0, 1, 2, 4, 1, 1, 0),
    (475, 48, 25, 0, 0, 0, 6, 1, 0, 0),
    (476, 48, 26, 0, 1, 1, 0, 0, 1, 0),
    (477, 48, 27, 0, 0, 2, 5, 0, 0, 0),
    (478, 48, 28, 0, 1, 0, 1, 0, 0, 0),
    (479, 48, 29, 0, 2, 0, 5, 1, 0, 1),
    (480, 48, 30, 1, 0, 0, 1, 1, 0, 0),
    (481, 49, 21, 0, 0, 0, 7, 0, 1, 0),
    (482, 49, 22, 0, 0, 1, 6, 1, 1, 0),
    (483, 49, 23, 0, 0, 0, 3, 0, 2, 0),
    (484, 49, 24, 0, 2, 0, 3, 1, 2, 1),
    (485, 49, 25, 0, 0, 0, 5, 0, 0, 0),
    (486, 49, 26, 1, 2, 1, 0, 0, 0, 0),
    (487, 49, 27, 0, 2, 1, 7, 0, 0, 0),
    (488, 49, 28, 0, 1, 0, 2, 1, 1, 0),
    (489, 49, 29, 0, 1, 0, 5, 0, 0, 0),
    (490, 49, 30, 0, 1, 0, 7, 1, 0, 0),
    (491, 50, 21, 0, 0, 0, 7, 1, 0, 1),
    (492, 50, 22, 0, 0, 0, 0, 1, 0, 0),
    (493, 50, 23, 0, 1, 0, 1, 1, 2, 0),
    (494, 50, 24, 0, 1, 1, 4, 1, 1, 0),
    (495, 50, 25, 0, 1, 0, 1, 1, 1, 0),
    (496, 50, 26, 0, 1, 0, 7, 0, 1, 0),
    (497, 50, 27, 1, 1, 1, 6, 1, 0, 0),
    (498, 50, 28, 1, 1, 0, 3, 0, 0, 0),
    (499, 50, 29, 0, 0, 1, 0, 0, 1, 0),
    (500, 50, 30, 0, 0, 2, 7, 0, 2, 0),
    (501, 51, 21, 0, 0, 0, 3, 0, 0, 0),
    (502, 51, 22, 0, 2, 1, 6, 0, 2, 0),
    (503, 51, 23, 1, 0, 3, 4, 1, 0, 0),
    (504, 51, 24, 1, 2, 0, 2, 1, 0, 0),
    (505, 51, 25, 0, 2, 0, 7, 1, 1, 0),
    (506, 51, 26, 0, 0, 0, 5, 0, 2, 0),
    (507, 51, 27, 0, 0, 0, 6, 0, 0, 0),
    (508, 51, 28, 0, 2, 1, 0, 1, 0, 0),
    (509, 51, 29, 0, 0, 0, 6, 0, 1, 0),
    (510, 51, 30, 0, 0, 1, 2, 1, 1, 0),
    (511, 52, 21, 0, 0, 1, 1, 0, 1, 0),
    (512, 52, 22, 0, 1, 2, 0, 0, 1, 0),
    (513, 52, 23, 0, 0, 2, 6, 0, 0, 0),
    (514, 52, 24, 1, 1, 0, 4, 0, 0, 0),
    (515, 52, 25, 0, 0, 1, 3, 1, 0, 1),
    (516, 52, 26, 1, 2, 1, 7, 1, 0, 0),
    (517, 52, 27, 0, 0, 0, 4, 0, 1, 1),
    (518, 52, 28, 0, 2, 3, 2, 0, 0, 0),
    (519, 52, 29, 0, 1, 0, 7, 1, 0, 0),
    (520, 52, 30, 0, 1, 1, 0, 0, 2, 0),
    (521, 53, 21, 1, 0, 2, 2, 0, 1, 0),
    (522, 53, 22, 0, 0, 1, 1, 0, 1, 0),
    (523, 53, 23, 0, 2, 2, 2, 0, 1, 0),
    (524, 53, 24, 0, 0, 2, 5, 1, 0, 0),
    (525, 53, 25, 0, 0, 0, 0, 0, 1, 0),
    (526, 53, 26, 0, 1, 0, 3, 1, 0, 0),
    (527, 53, 27, 0, 1, 0, 7, 1, 1, 0),
    (528, 53, 28, 0, 0, 0, 2, 0, 0, 0),
    (529, 53, 29, 0, 0, 1, 3, 1, 0, 0),
    (530, 53, 30, 1, 0, 2, 5, 0, 0, 0),
    (531, 54, 21, 0, 0, 0, 3, 1, 0, 0),
    (532, 54, 22, 0, 0, 1, 2, 1, 0, 0),
    (533, 54, 23, 0, 2, 0, 7, 1, 2, 0),
    (534, 54, 24, 0, 2, 0, 7, 1, 0, 0),
    (535, 54, 25, 0, 2, 2, 6, 1, 1, 1),
    (536, 54, 26, 1, 0, 0, 4, 0, 0, 0),
    (537, 54, 27, 0, 0, 1, 1, 1, 1, 0),
    (538, 54, 28, 0, 2, 0, 1, 0, 0, 0),
    (539, 54, 29, 0, 0, 0, 4, 1, 0, 0),
    (540, 54, 30, 1, 0, 1, 5, 1, 2, 0),
    (541, 55, 21, 0, 0, 0, 6, 1, 0, 0),
    (542, 55, 22, 0, 2, 2, 0, 1, 0, 0),
    (543, 55, 23, 0, 1, 2, 2, 1, 1, 0),
    (544, 55, 24, 0, 0, 0, 6, 1, 1, 0),
    (545, 55, 25, 0, 0, 0, 7, 1, 0, 0),
    (546, 55, 26, 0, 2, 0, 5, 1, 1, 0),
    (547, 55, 27, 0, 0, 0, 6, 1, 0, 0),
    (548, 55, 28, 0, 0, 1, 1, 1, 0, 0),
    (549, 55, 29, 0, 0, 1, 2, 0, 0, 1),
    (550, 55, 30, 0, 0, 2, 0, 1, 0, 1),
    (551, 56, 21, 0, 0, 2, 6, 1, 1, 1),
    (552, 56, 22, 0, 2, 2, 3, 1, 1, 0),
    (553, 56, 23, 0, 1, 0, 0, 1, 1, 1),
    (554, 56, 24, 0, 0, 1, 3, 0, 1, 0),
    (555, 56, 25, 0, 1, 1, 3, 0, 1, 0),
    (556, 56, 26, 0, 2, 0, 4, 1, 1, 0),
    (557, 56, 27, 0, 0, 0, 2, 1, 1, 1),
    (558, 56, 28, 0, 2, 0, 5, 1, 2, 0),
    (559, 56, 29, 1, 0, 0, 4, 0, 1, 0),
    (560, 56, 30, 0, 2, 0, 5, 0, 0, 0),
    (561, 57, 21, 0, 2, 1, 4, 0, 0, 0),
    (562, 57, 22, 0, 0, 1, 6, 1, 0, 1),
    (563, 57, 23, 0, 0, 1, 1, 0, 2, 0),
    (564, 57, 24, 0, 0, 2, 1, 1, 1, 0),
    (565, 57, 25, 0, 1, 1, 7, 0, 0, 0),
    (566, 57, 26, 0, 1, 0, 3, 0, 1, 0),
    (567, 57, 27, 0, 0, 2, 3, 0, 0, 0),
    (568, 57, 28, 0, 0, 0, 0, 0, 1, 1),
    (569, 57, 29, 1, 0, 1, 4, 0, 0, 0),
    (570, 57, 30, 0, 0, 1, 4, 0, 1, 1),
    (571, 58, 21, 0, 0, 2, 1, 1, 0, 1),
    (572, 58, 22, 0, 0, 0, 6, 0, 1, 1),
    (573, 58, 23, 0, 0, 0, 3, 1, 1, 0),
    (574, 58, 24, 1, 0, 1, 3, 0, 0, 0),
    (575, 58, 25, 0, 2, 0, 3, 1, 1, 1),
    (576, 58, 26, 0, 2, 0, 3, 1, 1, 0),
    (577, 58, 27, 0, 0, 0, 2, 1, 2, 0),
    (578, 58, 28, 0, 1, 2, 3, 1, 2, 1),
    (579, 58, 29, 0, 1, 2, 5, 1, 2, 0),
    (580, 58, 30, 0, 2, 0, 6, 1, 0, 1),
    (581, 59, 21, 0, 1, 1, 3, 1, 0, 0),
    (582, 59, 22, 0, 1, 0, 0, 0, 2, 0),
    (583, 59, 23, 0, 2, 0, 0, 1, 0, 0),
    (584, 59, 24, 0, 1, 0, 1, 0, 0, 0),
    (585, 59, 25, 1, 0, 1, 7, 0, 0, 0),
    (586, 59, 26, 0, 0, 0, 6, 1, 1, 0),
    (587, 59, 27, 0, 2, 1, 3, 1, 2, 0),
    (588, 59, 28, 0, 1, 0, 6, 1, 0, 1),
    (589, 59, 29, 0, 1, 1, 5, 0, 0, 0),
    (590, 59, 30, 0, 0, 0, 5, 1, 0, 1),
    (591, 60, 21, 0, 1, 1, 2, 1, 0, 0),
    (592, 60, 22, 0, 1, 2, 1, 0, 0, 0),
    (593, 60, 23, 1, 0, 0, 7, 1, 1, 0),
    (594, 60, 24, 0, 0, 0, 0, 0, 1, 0),
    (595, 60, 25, 0, 0, 0, 1, 0, 1, 0),
    (596, 60, 26, 1, 0, 1, 1, 1, 2, 0),
    (597, 60, 27, 0, 0, 0, 6, 1, 0, 0),
    (598, 60, 28, 0, 0, 1, 5, 1, 2, 0),
    (599, 60, 29, 1, 2, 3, 7, 1, 0, 0),
    (600, 60, 30, 0, 1, 1, 4, 1, 2, 0),
    (601, 61, 31, 0, 1, 0, 4, 1, 2, 0),
    (602, 61, 32, 0, 0, 0, 6, 0, 2, 1),
    (603, 61, 33, 0, 1, 2, 6, 0, 2, 0),
    (604, 61, 34, 0, 2, 0, 0, 0, 0, 0),
    (605, 61, 35, 0, 2, 0, 4, 0, 0, 0),
    (606, 61, 36, 0, 2, 0, 3, 0, 2, 0),
    (607, 61, 37, 0, 1, 2, 5, 0, 0, 1),
    (608, 61, 38, 0, 0, 1, 5, 0, 0, 0),
    (609, 61, 39, 1, 0, 1, 6, 0, 2, 0),
    (610, 61, 40, 0, 0, 2, 4, 0, 0, 0),
    (611, 62, 31, 0, 0, 1, 2, 1, 1, 0),
    (612, 62, 32, 0, 2, 1, 4, 1, 0, 0),
    (613, 62, 33, 0, 1, 2, 1, 0, 0, 1),
    (614, 62, 34, 0, 1, 0, 5, 0, 0, 0),
    (615, 62, 35, 0, 2, 1, 2, 1, 0, 0),
    (616, 62, 36, 0, 0, 1, 3, 0, 0, 0),
    (617, 62, 37, 0, 1, 0, 7, 1, 0, 0),
    (618, 62, 38, 1, 0, 2, 0, 1, 0, 0),
    (619, 62, 39, 0, 2, 1, 2, 0, 0, 0),
    (620, 62, 40, 0, 2, 2, 1, 0, 0, 0),
    (621, 63, 31, 0, 0, 2, 6, 0, 0, 0),
    (622, 63, 32, 0, 0, 0, 3, 1, 0, 0),
    (623, 63, 33, 0, 2, 0, 3, 1, 0, 0),
    (624, 63, 34, 0, 0, 2, 6, 1, 2, 0),
    (625, 63, 35, 0, 0, 0, 1, 0, 0, 0),
    (626, 63, 36, 0, 0, 0, 2, 0, 1, 0),
    (627, 63, 37, 1, 0, 1, 0, 1, 2, 0),
    (628, 63, 38, 0, 2, 1, 6, 1, 2, 0),
    (629, 63, 39, 0, 1, 0, 0, 1, 1, 0),
    (630, 63, 40, 1, 0, 0, 7, 0, 0, 0),
    (631, 64, 31, 0, 1, 2, 3, 1, 2, 0),
    (632, 64, 32, 0, 2, 0, 5, 0, 2, 0),
    (633, 64, 33, 0, 0, 0, 7, 1, 1, 0),
    (634, 64, 34, 0, 0, 0, 2, 0, 2, 0),
    (635, 64, 35, 0, 0, 3, 1, 1, 0, 1),
    (636, 64, 36, 0, 1, 0, 0, 1, 1, 0),
    (637, 64, 37, 0, 0, 0, 0, 1, 1, 0),
    (638, 64, 38, 0, 0, 0, 1, 0, 1, 0),
    (639, 64, 39, 0, 1, 1, 2, 0, 0, 1),
    (640, 64, 40, 0, 0, 0, 2, 1, 0, 0),
    (641, 65, 31, 0, 0, 0, 1, 0, 2, 0),
    (642, 65, 32, 0, 1, 2, 6, 0, 0, 0),
    (643, 65, 33, 0, 2, 1, 0, 0, 1, 0),
    (644, 65, 34, 0, 0, 0, 1, 0, 2, 1),
    (645, 65, 35, 0, 0, 0, 3, 1, 0, 0),
    (646, 65, 36, 0, 1, 3, 4, 0, 2, 1),
    (647, 65, 37, 0, 0, 2, 6, 1, 1, 0),
    (648, 65, 38, 1, 1, 0, 2, 0, 0, 0),
    (649, 65, 39, 0, 0, 0, 7, 0, 0, 0),
    (650, 65, 40, 0, 2, 0, 0, 1, 1, 0),
    (651, 66, 31, 0, 0, 1, 1, 1, 1, 0),
    (652, 66, 32, 0, 0, 3, 4, 0, 2, 0),
    (653, 66, 33, 0, 0, 3, 1, 1, 0, 1),
    (654, 66, 34, 1, 1, 0, 2, 0, 1, 0),
    (655, 66, 35, 0, 0, 0, 2, 1, 1, 0),
    (656, 66, 36, 0, 0, 0, 7, 0, 0, 1),
    (657, 66, 37, 0, 0, 1, 3, 0, 2, 0),
    (658, 66, 38, 0, 1, 1, 2, 1, 0, 0),
    (659, 66, 39, 0, 0, 0, 0, 0, 0, 0),
    (660, 66, 40, 0, 2, 1, 4, 0, 0, 0),
    (661, 67, 31, 0, 2, 0, 7, 0, 1, 0),
    (662, 67, 32, 0, 1, 3, 6, 1, 0, 1),
    (663, 67, 33, 0, 0, 1, 2, 0, 2, 0),
    (664, 67, 34, 0, 0, 1, 4, 0, 1, 1),
    (665, 67, 35, 0, 1, 0, 5, 1, 0, 0),
    (666, 67, 36, 0, 0, 0, 2, 1, 1, 0),
    (667, 67, 37, 0, 1, 2, 6, 0, 1, 0),
    (668, 67, 38, 0, 1, 0, 6, 1, 2, 0),
    (669, 67, 39, 0, 1, 3, 4, 1, 0, 0),
    (670, 67, 40, 0, 1, 1, 0, 1, 0, 0),
    (671, 68, 31, 0, 1, 3, 2, 1, 2, 0),
    (672, 68, 32, 1, 1, 1, 3, 0, 0, 0),
    (673, 68, 33, 0, 0, 0, 6, 1, 0, 0),
    (674, 68, 34, 0, 0, 0, 1, 1, 1, 0),
    (675, 68, 35, 0, 0, 0, 5, 1, 0, 1),
    (676, 68, 36, 0, 1, 0, 3, 1, 2, 0),
    (677, 68, 37, 0, 0, 0, 3, 1, 2, 0),
    (678, 68, 38, 0, 1, 0, 0, 0, 1, 1),
    (679, 68, 39, 0, 0, 0, 6, 1, 2, 0),
    (680, 68, 40, 0, 0, 2, 1, 0, 1, 0),
    (681, 69, 31, 0, 0, 0, 6, 0, 2, 0),
    (682, 69, 32, 1, 1, 0, 5, 0, 2, 0),
    (683, 69, 33, 0, 2, 0, 6, 0, 0, 0),
    (684, 69, 34, 0, 1, 0, 4, 1, 2, 0),
    (685, 69, 35, 0, 1, 1, 0, 0, 0, 0),
    (686, 69, 36, 1, 2, 0, 0, 1, 1, 0),
    (687, 69, 37, 0, 0, 0, 6, 1, 2, 0),
    (688, 69, 38, 0, 2, 1, 2, 1, 1, 0),
    (689, 69, 39, 0, 0, 0, 2, 0, 2, 0),
    (690, 69, 40, 0, 1, 0, 5, 1, 1, 0),
    (691, 70, 31, 0, 1, 1, 4, 1, 0, 1),
    (692, 70, 32, 1, 1, 2, 4, 1, 0, 1),
    (693, 70, 33, 0, 1, 1, 2, 0, 1, 0),
    (694, 70, 34, 0, 0, 1, 0, 0, 0, 0),
    (695, 70, 35, 1, 0, 0, 7, 1, 2, 0),
    (696, 70, 36, 0, 0, 1, 5, 1, 1, 0),
    (697, 70, 37, 0, 2, 0, 5, 0, 0, 0),
    (698, 70, 38, 0, 1, 0, 3, 0, 1, 0),
    (699, 70, 39, 0, 0, 2, 1, 1, 1, 0),
    (700, 70, 40, 0, 0, 3, 4, 0, 1, 0),
    (701, 71, 31, 1, 0, 0, 7, 1, 0, 0),
    (702, 71, 32, 0, 1, 1, 3, 1, 2, 0),
    (703, 71, 33, 0, 0, 0, 7, 1, 1, 0),
    (704, 71, 34, 0, 2, 2, 6, 0, 1, 0),
    (705, 71, 35, 0, 0, 0, 0, 1, 1, 0),
    (706, 71, 36, 0, 1, 2, 1, 1, 1, 0),
    (707, 71, 37, 0, 2, 0, 5, 1, 0, 0),
    (708, 71, 38, 0, 1, 2, 3, 0, 0, 0),
    (709, 71, 39, 0, 0, 2, 0, 1, 0, 0),
    (710, 71, 40, 0, 2, 3, 1, 0, 2, 0),
    (711, 72, 31, 0, 2, 1, 2, 0, 1, 0),
    (712, 72, 32, 0, 1, 0, 4, 1, 0, 0),
    (713, 72, 33, 1, 2, 1, 1, 1, 0, 0),
    (714, 72, 34, 0, 0, 3, 5, 0, 0, 0),
    (715, 72, 35, 0, 1, 0, 1, 1, 1, 0),
    (716, 72, 36, 1, 0, 1, 4, 0, 0, 0),
    (717, 72, 37, 0, 0, 0, 5, 0, 0, 0),
    (718, 72, 38, 1, 0, 2, 4, 1, 0, 0),
    (719, 72, 39, 0, 0, 3, 7, 1, 0, 0),
    (720, 72, 40, 0, 1, 0, 5, 0, 0, 0),
    (721, 73, 31, 0, 0, 1, 5, 0, 1, 0),
    (722, 73, 32, 0, 1, 0, 1, 0, 0, 1),
    (723, 73, 33, 0, 1, 0, 4, 0, 0, 1),
    (724, 73, 34, 1, 0, 1, 0, 1, 0, 0),
    (725, 73, 35, 1, 0, 0, 1, 1, 2, 1),
    (726, 73, 36, 0, 1, 0, 5, 1, 1, 0),
    (727, 73, 37, 0, 0, 2, 1, 1, 0, 1),
    (728, 73, 38, 0, 1, 0, 5, 1, 1, 0),
    (729, 73, 39, 0, 1, 0, 0, 1, 1, 0),
    (730, 73, 40, 0, 1, 1, 3, 0, 0, 1),
    (731, 74, 31, 1, 0, 1, 0, 1, 2, 0),
    (732, 74, 32, 0, 1, 0, 5, 1, 2, 0),
    (733, 74, 33, 0, 0, 1, 5, 1, 1, 0),
    (734, 74, 34, 1, 1, 0, 4, 0, 1, 0),
    (735, 74, 35, 1, 2, 1, 6, 1, 1, 0),
    (736, 74, 36, 1, 1, 0, 4, 0, 0, 0),
    (737, 74, 37, 0, 2, 0, 2, 1, 1, 0),
    (738, 74, 38, 1, 0, 0, 3, 0, 1, 0),
    (739, 74, 39, 0, 0, 0, 7, 1, 0, 0),
    (740, 74, 40, 0, 0, 0, 2, 1, 1, 0),
    (741, 75, 31, 0, 2, 1, 5, 1, 0, 0),
    (742, 75, 32, 1, 2, 1, 0, 0, 1, 0),
    (743, 75, 33, 0, 1, 1, 2, 0, 0, 1),
    (744, 75, 34, 0, 0, 1, 0, 0, 1, 0),
    (745, 75, 35, 0, 1, 0, 0, 1, 1, 1),
    (746, 75, 36, 0, 0, 0, 5, 0, 0, 1),
    (747, 75, 37, 0, 1, 0, 5, 0, 0, 0),
    (748, 75, 38, 0, 0, 2, 4, 0, 0, 0),
    (749, 75, 39, 0, 0, 0, 7, 0, 0, 0),
    (750, 75, 40, 1, 2, 3, 2, 1, 0, 0),
    (751, 76, 31, 0, 1, 2, 0, 1, 1, 0),
    (752, 76, 32, 0, 2, 3, 7, 0, 0, 0),
    (753, 76, 33, 0, 2, 2, 4, 0, 1, 0),
    (754, 76, 34, 0, 1, 1, 3, 1, 0, 0),
    (755, 76, 35, 0, 0, 0, 6, 1, 0, 0),
    (756, 76, 36, 0, 0, 0, 4, 0, 1, 0),
    (757, 76, 37, 0, 0, 3, 4, 0, 0, 0),
    (758, 76, 38, 0, 1, 0, 6, 1, 0, 0),
    (759, 76, 39, 0, 0, 2, 3, 0, 0, 0),
    (760, 76, 40, 1, 1, 2, 3, 1, 0, 0),
    (761, 77, 31, 0, 1, 2, 7, 1, 0, 0),
    (762, 77, 32, 0, 1, 3, 4, 0, 0, 0),
    (763, 77, 33, 0, 0, 1, 2, 0, 0, 0),
    (764, 77, 34, 0, 1, 0, 2, 1, 0, 0),
    (765, 77, 35, 0, 2, 2, 2, 0, 0, 0),
    (766, 77, 36, 0, 1, 3, 2, 0, 0, 0),
    (767, 77, 37, 0, 0, 0, 2, 0, 1, 1),
    (768, 77, 38, 0, 2, 1, 3, 0, 1, 1),
    (769, 77, 39, 0, 1, 0, 1, 0, 1, 0),
    (770, 77, 40, 1, 2, 1, 2, 1, 1, 0),
    (771, 78, 31, 0, 1, 0, 3, 1, 0, 0),
    (772, 78, 32, 0, 0, 0, 5, 0, 0, 0),
    (773, 78, 33, 0, 1, 0, 7, 1, 1, 0),
    (774, 78, 34, 0, 0, 0, 0, 0, 1, 0),
    (775, 78, 35, 0, 1, 1, 0, 0, 1, 0),
    (776, 78, 36, 0, 1, 0, 2, 0, 0, 0),
    (777, 78, 37, 0, 0, 0, 3, 1, 1, 1),
    (778, 78, 38, 1, 0, 0, 0, 1, 0, 0),
    (779, 78, 39, 0, 2, 1, 2, 1, 1, 0),
    (780, 78, 40, 1, 1, 0, 3, 0, 1, 1),
    (781, 79, 31, 0, 0, 2, 3, 0, 0, 0),
    (782, 79, 32, 0, 2, 2, 7, 0, 0, 1),
    (783, 79, 33, 0, 0, 0, 5, 1, 0, 0),
    (784, 79, 34, 0, 1, 2, 0, 0, 0, 1),
    (785, 79, 35, 0, 0, 0, 1, 1, 0, 1),
    (786, 79, 36, 0, 0, 0, 5, 0, 2, 1),
    (787, 79, 37, 0, 1, 0, 7, 0, 0, 1),
    (788, 79, 38, 0, 0, 1, 1, 0, 1, 0),
    (789, 79, 39, 0, 2, 2, 2, 1, 2, 0),
    (790, 79, 40, 0, 2, 1, 2, 1, 0, 0),
    (791, 80, 31, 0, 2, 1, 1, 1, 0, 0),
    (792, 80, 32, 0, 0, 0, 1, 0, 2, 0),
    (793, 80, 33, 0, 1, 0, 1, 0, 1, 0),
    (794, 80, 34, 0, 0, 2, 5, 1, 1, 0),
    (795, 80, 35, 0, 1, 0, 2, 1, 2, 0),
    (796, 80, 36, 0, 2, 0, 6, 1, 0, 0),
    (797, 80, 37, 1, 0, 3, 6, 0, 0, 0),
    (798, 80, 38, 0, 2, 0, 1, 1, 2, 0),
    (799, 80, 39, 1, 0, 0, 2, 0, 0, 0),
    (800, 80, 40, 0, 1, 3, 0, 1, 1, 0),
    (801, 81, 41, 0, 1, 0, 2, 0, 1, 0),
    (802, 81, 42, 0, 1, 2, 6, 1, 2, 0),
    (803, 81, 43, 0, 0, 2, 1, 0, 2, 0),
    (804, 81, 44, 0, 0, 0, 4, 0, 0, 0),
    (805, 81, 45, 0, 0, 0, 3, 0, 2, 1),
    (806, 81, 46, 0, 0, 0, 7, 1, 0, 0),
    (807, 81, 47, 1, 0, 0, 4, 0, 2, 0),
    (808, 81, 48, 0, 1, 2, 5, 1, 1, 0),
    (809, 81, 49, 0, 1, 0, 3, 1, 0, 0),
    (810, 81, 50, 0, 0, 1, 5, 0, 0, 0),
    (811, 82, 41, 0, 0, 0, 3, 1, 2, 0),
    (812, 82, 42, 0, 2, 2, 0, 1, 0, 1),
    (813, 82, 43, 1, 0, 3, 5, 0, 0, 0),
    (814, 82, 44, 0, 1, 0, 1, 1, 0, 0),
    (815, 82, 45, 1, 0, 0, 2, 1, 0, 0),
    (816, 82, 46, 1, 0, 1, 0, 1, 1, 0),
    (817, 82, 47, 1, 2, 1, 6, 0, 0, 0),
    (818, 82, 48, 0, 0, 0, 2, 1, 0, 0),
    (819, 82, 49, 0, 2, 0, 6, 1, 2, 1),
    (820, 82, 50, 0, 1, 3, 5, 0, 1, 0),
    (821, 83, 41, 0, 1, 3, 1, 0, 1, 0),
    (822, 83, 42, 0, 2, 0, 3, 1, 1, 1),
    (823, 83, 43, 0, 0, 0, 6, 0, 1, 0),
    (824, 83, 44, 1, 1, 3, 1, 0, 1, 0),
    (825, 83, 45, 0, 2, 3, 1, 0, 1, 1),
    (826, 83, 46, 1, 1, 2, 1, 1, 2, 1),
    (827, 83, 47, 1, 2, 1, 3, 0, 1, 0),
    (828, 83, 48, 0, 0, 0, 2, 0, 0, 0),
    (829, 83, 49, 0, 0, 1, 5, 0, 0, 1),
    (830, 83, 50, 0, 2, 0, 3, 0, 1, 0),
    (831, 84, 41, 1, 2, 0, 2, 1, 0, 0),
    (832, 84, 42, 0, 0, 1, 7, 0, 0, 0),
    (833, 84, 43, 1, 0, 0, 6, 1, 0, 1),
    (834, 84, 44, 0, 0, 3, 4, 1, 1, 1),
    (835, 84, 45, 0, 1, 0, 1, 0, 0, 1),
    (836, 84, 46, 0, 1, 0, 7, 0, 1, 0),
    (837, 84, 47, 0, 2, 1, 3, 1, 0, 0),
    (838, 84, 48, 0, 0, 0, 1, 0, 0, 0),
    (839, 84, 49, 0, 0, 1, 5, 0, 0, 0),
    (840, 84, 50, 0, 1, 0, 7, 0, 0, 0),
    (841, 85, 41, 0, 1, 0, 0, 0, 0, 0),
    (842, 85, 42, 0, 0, 3, 0, 0, 1, 0),
    (843, 85, 43, 0, 0, 3, 1, 1, 1, 0),
    (844, 85, 44, 0, 0, 0, 3, 0, 2, 1),
    (845, 85, 45, 0, 0, 3, 3, 0, 1, 0),
    (846, 85, 46, 0, 1, 1, 6, 0, 0, 0),
    (847, 85, 47, 0, 0, 2, 5, 1, 1, 0),
    (848, 85, 48, 0, 1, 0, 6, 1, 2, 0),
    (849, 85, 49, 0, 0, 1, 7, 0, 2, 0),
    (850, 85, 50, 0, 2, 0, 1, 1, 1, 0),
    (851, 86, 41, 1, 1, 1, 2, 0, 2, 1),
    (852, 86, 42, 0, 1, 0, 6, 0, 0, 1),
    (853, 86, 43, 0, 1, 2, 6, 1, 0, 0),
    (854, 86, 44, 0, 0, 0, 0, 1, 0, 0),
    (855, 86, 45, 0, 0, 3, 6, 0, 0, 0),
    (856, 86, 46, 0, 0, 0, 5, 1, 0, 0),
    (857, 86, 47, 0, 0, 0, 7, 1, 0, 1),
    (858, 86, 48, 0, 0, 2, 3, 1, 2, 0),
    (859, 86, 49, 0, 1, 0, 1, 1, 0, 1),
    (860, 86, 50, 0, 1, 3, 1, 1, 1, 0),
    (861, 87, 41, 0, 1, 0, 7, 0, 1, 0),
    (862, 87, 42, 0, 0, 0, 1, 1, 0, 0),
    (863, 87, 43, 1, 2, 2, 5, 1, 1, 0),
    (864, 87, 44, 1, 0, 0, 7, 0, 0, 0),
    (865, 87, 45, 0, 0, 0, 5, 0, 1, 0),
    (866, 87, 46, 0, 0, 1, 5, 0, 0, 0),
    (867, 87, 47, 0, 0, 0, 5, 1, 0, 0),
    (868, 87, 48, 0, 0, 0, 4, 0, 1, 0),
    (869, 87, 49, 0, 0, 0, 0, 1, 0, 0),
    (870, 87, 50, 0, 1, 2, 1, 0, 0, 1),
    (871, 88, 41, 1, 0, 0, 4, 1, 0, 0),
    (872, 88, 42, 0, 0, 0, 7, 1, 0, 0),
    (873, 88, 43, 0, 0, 1, 2, 1, 0, 0),
    (874, 88, 44, 0, 0, 3, 7, 0, 0, 1),
    (875, 88, 45, 1, 0, 2, 0, 0, 1, 0),
    (876, 88, 46, 0, 2, 0, 7, 1, 1, 0),
    (877, 88, 47, 0, 0, 0, 3, 1, 1, 0),
    (878, 88, 48, 0, 0, 0, 4, 0, 0, 0),
    (879, 88, 49, 0, 1, 0, 7, 0, 0, 0),
    (880, 88, 50, 0, 1, 0, 6, 1, 0, 0),
    (881, 89, 41, 0, 2, 0, 6, 0, 1, 0),
    (882, 89, 42, 0, 0, 1, 1, 0, 0, 1),
    (883, 89, 43, 0, 0, 0, 3, 1, 1, 0),
    (884, 89, 44, 1, 1, 0, 1, 0, 0, 1),
    (885, 89, 45, 0, 0, 0, 1, 1, 0, 0),
    (886, 89, 46, 0, 0, 3, 0, 0, 0, 0),
    (887, 89, 47, 0, 2, 1, 5, 1, 1, 1),
    (888, 89, 48, 0, 0, 0, 4, 1, 0, 1),
    (889, 89, 49, 1, 0, 0, 3, 1, 0, 0),
    (890, 89, 50, 0, 1, 1, 5, 0, 1, 0),
    (891, 90, 41, 0, 1, 1, 4, 1, 1, 0),
    (892, 90, 42, 0, 0, 0, 5, 0, 0, 0),
    (893, 90, 43, 0, 0, 0, 7, 0, 1, 0),
    (894, 90, 44, 0, 1, 0, 5, 1, 1, 0),
    (895, 90, 45, 0, 0, 0, 3, 1, 0, 0),
    (896, 90, 46, 0, 0, 2, 5, 1, 2, 0),
    (897, 90, 47, 1, 1, 2, 0, 1, 0, 1),
    (898, 90, 48, 0, 0, 0, 6, 1, 0, 0),
    (899, 90, 49, 0, 1, 3, 7, 0, 1, 0),
    (900, 90, 50, 0, 0, 0, 1, 0, 1, 0),
    (901, 91, 41, 0, 1, 0, 7, 0, 0, 0),
    (902, 91, 42, 0, 0, 0, 4, 1, 1, 0),
    (903, 91, 43, 0, 1, 2, 4, 1, 0, 0),
    (904, 91, 44, 0, 1, 2, 6, 1, 2, 0),
    (905, 91, 45, 1, 1, 0, 2, 1, 1, 0),
    (906, 91, 46, 0, 1, 0, 1, 0, 1, 0),
    (907, 91, 47, 0, 1, 1, 2, 1, 0, 0),
    (908, 91, 48, 0, 2, 1, 5, 0, 1, 0),
    (909, 91, 49, 0, 2, 0, 7, 1, 0, 1),
    (910, 91, 50, 0, 1, 2, 7, 0, 0, 0),
    (911, 92, 41, 0, 2, 1, 4, 0, 0, 0),
    (912, 92, 42, 0, 1, 0, 7, 0, 2, 0),
    (913, 92, 43, 0, 1, 0, 5, 1, 0, 0),
    (914, 92, 44, 0, 0, 0, 5, 0, 1, 0),
    (915, 92, 45, 0, 0, 0, 4, 0, 1, 0),
    (916, 92, 46, 0, 0, 0, 5, 1, 0, 0),
    (917, 92, 47, 0, 0, 1, 6, 1, 0, 1),
    (918, 92, 48, 1, 0, 2, 1, 0, 0, 0),
    (919, 92, 49, 0, 0, 3, 6, 0, 2, 1),
    (920, 92, 50, 0, 2, 0, 7, 1, 0, 0),
    (921, 93, 41, 0, 0, 1, 1, 1, 0, 0),
    (922, 93, 42, 0, 2, 0, 2, 1, 0, 0),
    (923, 93, 43, 0, 0, 0, 0, 1, 1, 0),
    (924, 93, 44, 0, 2, 1, 1, 1, 0, 0),
    (925, 93, 45, 0, 1, 0, 5, 0, 1, 0),
    (926, 93, 46, 0, 1, 1, 2, 1, 0, 0),
    (927, 93, 47, 0, 2, 0, 2, 0, 0, 1),
    (928, 93, 48, 0, 1, 1, 2, 0, 0, 0),
    (929, 93, 49, 0, 0, 0, 5, 1, 0, 0),
    (930, 93, 50, 0, 0, 0, 1, 1, 2, 1),
    (931, 94, 41, 0, 0, 1, 0, 1, 0, 0),
    (932, 94, 42, 0, 2, 0, 6, 0, 0, 0),
    (933, 94, 43, 0, 0, 1, 0, 1, 0, 0),
    (934, 94, 44, 0, 2, 0, 1, 0, 1, 0),
    (935, 94, 45, 0, 1, 0, 6, 0, 0, 0),
    (936, 94, 46, 0, 1, 0, 0, 0, 0, 0),
    (937, 94, 47, 1, 1, 0, 2, 1, 0, 1),
    (938, 94, 48, 1, 1, 0, 2, 0, 1, 0),
    (939, 94, 49, 0, 0, 1, 2, 1, 2, 0),
    (940, 94, 50, 0, 0, 2, 1, 0, 0, 0),
    (941, 95, 41, 0, 1, 1, 2, 1, 1, 0),
    (942, 95, 42, 0, 0, 0, 1, 0, 1, 0),
    (943, 95, 43, 0, 0, 2, 7, 1, 0, 0),
    (944, 95, 44, 0, 1, 0, 0, 1, 1, 0),
    (945, 95, 45, 1, 1, 0, 4, 0, 0, 0),
    (946, 95, 46, 0, 0, 2, 0, 1, 0, 0),
    (947, 95, 47, 0, 0, 0, 0, 1, 0, 1),
    (948, 95, 48, 0, 1, 0, 6, 0, 0, 0),
    (949, 95, 49, 0, 1, 0, 5, 0, 2, 0),
    (950, 95, 50, 0, 0, 0, 5, 0, 0, 0),
    (951, 96, 41, 0, 2, 0, 5, 0, 1, 0),
    (952, 96, 42, 1, 0, 1, 4, 1, 1, 0),
    (953, 96, 43, 0, 1, 0, 0, 1, 1, 0),
    (954, 96, 44, 1, 0, 0, 0, 0, 0, 0),
    (955, 96, 45, 0, 0, 3, 2, 1, 1, 0),
    (956, 96, 46, 0, 0, 0, 7, 1, 0, 0),
    (957, 96, 47, 1, 0, 0, 6, 1, 2, 0),
    (958, 96, 48, 0, 0, 0, 6, 0, 0, 0),
    (959, 96, 49, 0, 1, 1, 5, 0, 1, 0),
    (960, 96, 50, 1, 2, 2, 6, 1, 1, 0),
    (961, 97, 41, 0, 0, 1, 5, 1, 1, 0),
    (962, 97, 42, 0, 0, 0, 2, 1, 1, 1),
    (963, 97, 43, 0, 1, 1, 0, 0, 0, 0),
    (964, 97, 44, 0, 0, 0, 0, 0, 0, 0),
    (965, 97, 45, 0, 1, 1, 0, 0, 2, 0),
    (966, 97, 46, 0, 0, 0, 6, 1, 0, 0),
    (967, 97, 47, 1, 0, 2, 6, 1, 2, 0),
    (968, 97, 48, 0, 1, 0, 6, 1, 1, 0),
    (969, 97, 49, 0, 0, 1, 1, 1, 1, 1),
    (970, 97, 50, 0, 1, 0, 3, 1, 0, 0),
    (971, 98, 41, 0, 2, 1, 4, 1, 1, 1),
    (972, 98, 42, 0, 0, 0, 4, 0, 0, 0),
    (973, 98, 43, 0, 1, 2, 5, 0, 1, 0),
    (974, 98, 44, 0, 1, 3, 6, 0, 0, 1),
    (975, 98, 45, 0, 0, 0, 5, 0, 1, 0),
    (976, 98, 46, 0, 2, 0, 6, 1, 0, 0),
    (977, 98, 47, 0, 1, 0, 1, 1, 1, 0),
    (978, 98, 48, 0, 1, 1, 1, 1, 0, 0),
    (979, 98, 49, 0, 0, 0, 6, 0, 0, 1),
    (980, 98, 50, 0, 1, 1, 4, 0, 1, 1),
    (981, 99, 41, 0, 0, 0, 6, 0, 1, 0),
    (982, 99, 42, 0, 2, 0, 5, 0, 0, 0),
    (983, 99, 43, 0, 0, 0, 1, 0, 0, 0),
    (984, 99, 44, 0, 0, 3, 4, 1, 1, 0),
    (985, 99, 45, 1, 0, 1, 7, 0, 0, 0),
    (986, 99, 46, 0, 0, 0, 0, 1, 0, 0),
    (987, 99, 47, 0, 0, 0, 0, 1, 0, 0),
    (988, 99, 48, 0, 0, 0, 2, 0, 0, 0),
    (989, 99, 49, 1, 0, 0, 7, 0, 2, 0),
    (990, 99, 50, 0, 2, 1, 7, 0, 2, 0),
    (991, 100, 41, 0, 0, 0, 7, 1, 1, 0),
    (992, 100, 42, 0, 1, 0, 7, 1, 1, 0),
    (993, 100, 43, 0, 0, 0, 4, 0, 1, 0),
    (994, 100, 44, 0, 0, 0, 1, 1, 1, 0),
    (995, 100, 45, 0, 0, 0, 3, 1, 0, 1),
    (996, 100, 46, 0, 1, 0, 2, 1, 0, 1),
    (997, 100, 47, 1, 0, 1, 6, 0, 0, 0),
    (998, 100, 48, 0, 0, 3, 1, 1, 2, 0),
    (999, 100, 49, 0, 0, 0, 7, 0, 0, 0),
    (1000, 100, 50, 0, 1, 3, 5, 1, 2, 0)
SET
    IDENTITY_INSERT PlayerFixtureStats OFF
GO