--liquibase formatted sql
--changeset ivan:1
SET
    IDENTITY_INSERT StaffCode ON
INSERT INTO
    [dbo].[StaffCode] ([StaffCodeID], [StaffCodeType])
VALUES
    (1, 'Coach'),
    (2, 'AssistantCoach'),
    (3, 'Physio'),
    (4, 'Accountant')
SET
    IDENTITY_INSERT StaffCode OFF

SET
    IDENTITY_INSERT PositionCode ON
INSERT INTO
    [dbo].[PositionCode] ([PositionID], [PositionName])
VALUES
    (1, 'GK'),
    (2, 'LB'),
    (3, 'CB'),
    (4, 'RB'),
    (5, 'LWB'),
    (6, 'RWB'),
    (7, 'CDM'),
    (8, 'LM'),
    (9, 'CM'),
    (10, 'RM'),
    (11, 'CAM'),
    (12, 'LW'),
    (13, 'LF'),
    (14, 'CF'),
    (15, 'RF'),
    (16, 'RW'),
    (17, 'ST')
SET
    IDENTITY_INSERT PositionCode OFF

SET
    IDENTITY_INSERT Team ON
INSERT INTO
    [dbo].[Team] (
        [TeamID],
        [Name],
        [IsOurClub]
    )
VALUES
    (1, 'Bulldogs', 1),
    (2, 'Zebras', 1),
    (3, 'Kwaggas', 1),
    (4, 'Puffadders', 1),
    (5, 'Honeybadgers', 1),
    (6, 'Manchester United', 0),
    (7, 'Liverpool', 0),
    (8, 'Tottenham Hotspur', 0),
    (9, 'Sundowns', 0),
    (10, 'Pirates', 0),
    (11, 'Everton', 0),
    (12, 'Man City', 0),
    (13, 'Chiefs', 0),
    (14, 'Lions', 0),
    (15, 'Bulls', 0),
    (16, 'West Ham', 0),
    (17, 'Arsenal', 0),
    (18, 'Stormers', 0),
    (19, 'Sharks', 0),
    (20, 'Cheetahs', 0),
    (21, 'Leeds', 0),
    (22, 'Brentford', 0),
    (23, 'Aston Villa', 0),
    (24, 'Pumas', 0),
    (25, 'Griquas', 0),
    (26, 'Leinster', 0),
    (27, 'Munster', 0),
    (28, 'Ulster', 0),
    (29, 'Saracens', 0),
    (30, 'Toulon', 0)
SET
    IDENTITY_INSERT Team OFF

SET
    IDENTITY_INSERT Staff ON
INSERT INTO
    [dbo].Staff (
        [StaffID],
        [StaffCodeID],
        [TeamID],
        [Name],
        [Surname]
    )
VALUES
    (1, 1, 1, 'Fred', 'Erasmus'),
    (2, 2, 1, 'Werner', 'Lindsay'),
    (3, 1, 2, 'Erik', 'Scheer'),
    (4, 2, 2, 'Petra', 'Skuba'),
    (5, 1, 3, 'Malcolm', 'Mbonambi'),
    (6, 2, 3, 'Siya', 'Marx'),
    (7, 1, 4, 'Red', 'du Toi'),
    (8, 2, 4, 'Kurt-lee', 'Kincey'),
    (9, 1, 5, 'Rassie', 'Robinson'),
    (10, 2, 5, 'Lorin', 'Murray'),
    (11, 1, 6, 'Diego', 'McKay'),
    (12, 2, 6, 'Jacques', 'Kok'),
    (13, 1, 7, 'Jurgen', 'Matfield'),
    (14, 2, 7, 'Pep', 'Croft'),
    (15, 1, 8, 'Lara', 'Ten Hag'),
    (16, 2, 8, 'Faf', 'Nienaber'),
    (17, 1, 9, 'Bongi', 'Guardiola'),
    (18, 2, 9, 'Dorothy', 'Smith'),
    (19, 1, 10, 'Raymon', 'Arendse'),
    (20, 2, 10, 'Duane', 'de Klerk'),
    (21, 1, 11, 'Arvin', 'Klopp'),
    (22, 2, 11, 'Abbie', 'Vermeulen'),
    (23, 1, 12, 'Pieter-Steph', 'Kolisi'),
    (24, 2, 12, 'Victor', 'Lewis'),
    (25, 1, 13, 'John', 'Sigh')
SET
    IDENTITY_INSERT Staff OFF

SET
    IDENTITY_INSERT Player ON
INSERT INTO
    [dbo].Player (
        [PlayerID],
        [Name],
        [Surname],
        [DateOfBirth],
        [PositionCodeID],
        [TeamID]
    )
VALUES
    (1, 'Earl', 'Jacobs', '2008-07-30', 14, 1),
    (2, 'Herbert', 'Jacobs', '2008-11-09', 16, 1),
    (3, 'Horace', 'Moses', '2007-05-01', 6, 1),
    (4, 'Louis', 'Benjamin', '2009-12-12', 3, 1),
    (5, 'Marion', 'Moses', '2008-05-05', 9, 1),
    (6, 'Allen', 'Frank', '2008-06-27', 6, 1),
    (7, 'Elmer', 'Samuel', '2008-11-25', 3, 1),
    (8, 'Robert', 'Alexander', '2006-06-04', 5, 1),
    (9, 'Lee', 'Higgins', '2008-03-18', 5, 1),
    (10, 'Bernard', 'Higgins', '2006-02-14', 11, 1),
    (11, 'Roy', 'Carlisle', '2006-12-27', 15, 1),
    (12, 'Luther', 'Lindsay', '2008-11-21', 9, 1),
    (13, 'Oliver', 'Lloyd', '2008-11-23', 15, 1),
    (14, 'Francis', 'Marsh', '2010-12-12', 4, 1),
    (15, 'Joe', 'Alexander', '2009-07-26', 13, 1),
    (16, 'Ben', 'Carlisle', '2010-07-27', 13, 1),
    (17, 'Lee', 'Grayman', '2010-07-17', 4, 1),
    (18, 'Charlie', 'Percival', '2008-01-09', 6, 1),
    (19, 'Sam', 'Higgins', '2009-10-08', 15, 1),
    (20, 'Harry', 'Potter', '2006-04-21', 1, 1),
    (21, 'Frederick', 'Lewis', '2008-05-28', 13, 2),
    (22, 'Elmer', 'Tonge', '2006-07-12', 5, 2),
    (23, 'Harry', 'Murray', '2008-01-01', 16, 2),
    (24, 'Herman', 'Bryan', '2007-06-29', 1, 2),
    (25, 'Oliver', 'Roberts', '2008-07-31', 10, 2),
    (26, 'Hugh', 'Davis', '2010-01-05', 14, 2),
    (27, 'Arthur', 'Bridges', '2009-02-02', 4, 2),
    (28, 'Alfred', 'Benjamin', '2006-12-12', 11, 2),
    (29, 'Jessie', 'Percival', '2008-06-03', 11, 2),
    (30, 'Philip', 'Lindsay', '2009-12-13', 13, 2),
    (31, 'Edward', 'Browne', '2010-11-19', 10, 2),
    (32, 'Claude', 'Bird', '2009-03-09', 6, 2),
    (33, 'Warren', 'Frank', '2008-10-04', 11, 2),
    (34, 'Robert', 'Stevens', '2009-08-16', 3, 2),
    (35, 'Edwin', 'Benjamin', '2008-10-01', 2, 2),
    (36, 'Julius', 'Watts', '2010-06-16', 4, 2),
    (37, 'Lee', 'Mascoll', '2010-04-16', 10, 2),
    (38, 'Dan', 'Phoenix', '2006-05-09', 10, 2),
    (39, 'Thomas', 'Martin', '2008-04-17', 3, 2),
    (40, 'Eugene', 'Hodge', '2010-03-17', 14, 2),
    (41, 'Lewis', 'Spencer', '2006-04-04', 17, 3),
    (42, 'Julius', 'Farrell', '2006-11-08', 15, 3),
    (43, 'Richard', 'Higgins', '2007-12-30', 13, 3),
    (44, 'Charley', 'Hughes', '2007-05-04', 12, 3),
    (45, 'Milton', 'Mascoll', '2007-01-30', 12, 3),
    (46, 'Guy', 'Walsh', '2010-10-10', 11, 3),
    (47, 'Edward', 'Miller', '2008-12-31', 9, 3),
    (48, 'Richard', 'Item', '2007-07-07', 9, 3),
    (49, 'William', 'Stevens', '2008-10-16', 15, 3),
    (50, 'Earl', 'Percival', '2007-02-22', 13, 3),
    (51, 'Eugene', 'Bird', '2008-12-15', 8, 3),
    (52, 'Horace', 'Bird', '2006-05-21', 15, 3),
    (53, 'Andrew', 'Roberts', '2008-08-21', 11, 3),
    (54, 'Jack', 'Miller', '2006-02-16', 3, 3),
    (55, 'Jack', 'Bridges', '2009-02-07', 9, 3),
    (56, 'Oliver', 'Lindsay', '2009-07-31', 10, 3),
    (57, 'Samuel', 'Blackstock', '2007-10-29', 12, 3),
    (58, 'Louis', 'Tonge', '2008-10-24', 11, 3),
    (59, 'Arthur', 'Lewis', '2009-08-06', 7, 3),
    (60, 'Edward', 'Bridges', '2007-07-06', 1, 3),
    (61, 'Benjamin', 'Smith', '2010-08-07', 2, 4),
    (62, 'Willie', 'Frank', '2009-01-09', 12, 4),
    (63, 'Jacob', 'Grayman', '2006-11-14', 4, 4),
    (64, 'Isaac', 'Farrell', '2006-04-22', 10, 4),
    (65, 'Patrick', 'Jeremy', '2007-03-13', 11, 4),
    (66, 'August', 'Alexander', '2009-03-07', 12, 4),
    (67, 'Jim', 'Farrell', '2006-04-10', 11, 4),
    (68, 'Claude', 'Martin', '2008-02-20', 4, 4),
    (69, 'Sidney', 'Item', '2009-03-02', 5, 4),
    (70, 'Francis', 'Malakzay', '2009-07-29', 13, 4),
    (71, 'Jacob', 'Higgins', '2007-12-13', 10, 4),
    (72, 'Leo', 'Thomas', '2006-08-08', 11, 4),
    (73, 'Jack', 'Potter', '2008-12-03', 16, 4),
    (74, 'Hugh', 'Potter', '2007-06-13', 16, 4),
    (75, 'Daniel', 'Hodge', '2008-03-29', 6, 4),
    (76, 'Jim', 'Richardson', '2009-11-29', 11, 4),
    (77, 'Ira', 'Lovell', '2008-02-09', 9, 4),
    (78, 'Jacob', 'Lewis', '2007-11-10', 17, 4),
    (79, 'Edward', 'Burton', '2009-12-28', 17, 4),
    (80, 'Lawrence', 'Jacobs', '2008-06-06', 15, 4),
    (81, 'Edgar', 'Griffith', '2010-03-22', 17, 5),
    (82, 'Charles', 'Moses', '2009-01-28', 16, 5),
    (83, 'Will', 'Mascoll', '2008-07-30', 5, 5),
    (84, 'Arthur', 'Benjamin', '2007-04-02', 7, 5),
    (85, 'Martin', 'Greene', '2009-04-23', 16, 5),
    (86, 'Fred', 'Frank', '2008-12-08', 5, 5),
    (87, 'Benjamin', 'Falcone', '2008-09-03', 14, 5),
    (88, 'Francis', 'Turner', '2008-06-16', 2, 5),
    (89, 'Bernard', 'Stevens', '2007-12-12', 8, 5),
    (90, 'Fred', 'Smith', '2008-10-26', 12, 5),
    (91, 'Richard', 'Jacobs', '2006-08-08', 15, 5),
    (92, 'Harry', 'Spencer', '2008-10-08', 7, 5),
    (93, 'Earl', 'Mascoll', '2006-11-13', 9, 5),
    (94, 'Richard', 'Gordon', '2007-05-10', 5, 5),
    (95, 'Julius', 'Simon', '2009-07-28', 2, 5),
    (96, 'Jim', 'Vittoria', '2006-05-17', 2, 5),
    (97, 'Frank', 'Malakzay', '2007-03-24', 1, 5),
    (98, 'Leonard', 'Farrell', '2010-06-08', 12, 5),
    (99, 'Lee', 'Higgins', '2010-06-16', 12, 5),
    (100, 'Horace', 'Gordon', '2010-04-06', 16, 5)
SET
    IDENTITY_INSERT Player OFF

SET
    IDENTITY_INSERT Fixture ON
INSERT INTO
    [dbo].[Fixture] (
        [FixtureID],
        [TeamID],
        [OpponentID],
        [Away],
        [Date]
    )
VALUES
    (1, 1, 6, 1, '2024-12-10 13:00'),
    (2, 1, 7, 0, '2024-08-28 17:00'),
    (3, 1, 8, 1, '2024-06-09 17:00'),
    (4, 1, 9, 0, '2024-01-27 17:00'),
    (5, 1, 10, 1, '2024-04-10 13:00'),
    (6, 1, 6, 0, '2024-01-09 15:00'),
    (7, 1, 7, 1, '2024-06-10 17:00'),
    (8, 1, 8, 0, '2024-10-22 17:00'),
    (9, 1, 9, 1, '2024-12-14 13:00'),
    (10, 1, 10, 0, '2024-10-20 17:00'),
    (11, 2, 11, 1, '2024-06-09 15:00'),
    (12, 2, 12, 0, '2024-05-20 17:00'),
    (13, 2, 13, 1, '2024-03-07 17:00'),
    (14, 2, 14, 0, '2024-10-24 15:00'),
    (15, 2, 15, 1, '2024-05-02 17:00'),
    (16, 2, 11, 0, '2024-05-22 15:00'),
    (17, 2, 12, 1, '2024-12-28 13:00'),
    (18, 2, 13, 0, '2024-04-03 15:00'),
    (19, 2, 14, 1, '2024-05-02 17:00'),
    (20, 2, 15, 0, '2024-01-12 15:00'),
    (21, 3, 16, 1, '2024-07-18 13:00'),
    (22, 3, 17, 0, '2024-02-21 13:00'),
    (23, 3, 18, 1, '2024-06-14 17:00'),
    (24, 3, 19, 0, '2024-08-19 13:00'),
    (25, 3, 20, 1, '2024-02-01 15:00'),
    (26, 3, 16, 0, '2024-11-20 15:00'),
    (27, 3, 17, 1, '2024-11-23 13:00'),
    (28, 3, 18, 0, '2024-09-14 15:00'),
    (29, 3, 19, 1, '2024-08-25 15:00'),
    (30, 3, 20, 0, '2024-06-10 17:00'),
    (31, 4, 21, 1, '2024-10-07 17:00'),
    (32, 4, 22, 0, '2024-09-25 15:00'),
    (33, 4, 23, 1, '2024-02-12 17:00'),
    (34, 4, 24, 0, '2024-01-01 15:00'),
    (35, 4, 25, 1, '2024-04-13 17:00'),
    (36, 4, 21, 0, '2024-12-01 13:00'),
    (37, 4, 22, 1, '2024-12-24 17:00'),
    (38, 4, 23, 0, '2024-12-28 17:00'),
    (39, 4, 24, 1, '2024-11-20 17:00'),
    (40, 4, 25, 0, '2024-03-07 15:00'),
    (41, 5, 26, 1, '2024-10-03 15:00'),
    (42, 5, 27, 0, '2024-02-07 15:00'),
    (43, 5, 28, 1, '2024-10-27 15:00'),
    (44, 5, 29, 0, '2024-01-31 17:00'),
    (45, 5, 30, 1, '2024-05-20 17:00'),
    (46, 5, 26, 0, '2024-01-06 15:00'),
    (47, 5, 27, 1, '2024-03-15 15:00'),
    (48, 5, 28, 0, '2024-06-16 17:00'),
    (49, 5, 29, 1, '2024-02-20 15:00'),
    (50, 5, 30, 0, '2024-03-16 17:00')
SET
    IDENTITY_INSERT Fixture OFF
INSERT INTO
    [dbo].[Result] (
    [FixtureID],
    [GoalsFor],
    [GoalsAgainst]
    )
VALUES
    (4, 4, 2),
	(6, 0, 2),
	(20, 1, 2),
	(33, 0, 2),
	(34, 1, 3),
	(42, 2, 2),
	(44, 2, 3),
	(46, 3, 3)

INSERT INTO
    [dbo].[PlayerFixtureStats] (
        [PlayerID],
        [FixtureID],
        [Saves],
        [Assists],
        [Goals],
        [Tackles],
        [YellowCards],
        [RedCards],
        [Fouls],
		[GameTimeInMinutes]
    )
VALUES
(1, 4, 0, 0, 2, 2, 1, 0, 1, 33),
(1, 6, 1, 0, 0, 2, 0, 0, 0, 89),
(2, 4, 0, 0, 1, 6, 0, 0, 2, 66),
(2, 6, 0, 1, 2, 0, 0, 0, 1, 91),
(3, 4, 0, 0, 0, 6, 0, 0, 0, 41),
(3, 6, 0, 0, 2, 6, 0, 0, 1, 30),
(4, 4, 0, 2, 1, 4, 0, 0, 1, 48),
(4, 6, 0, 0, 1, 4, 0, 0, 1, 64),
(5, 4, 0, 0, 0, 7, 1, 0, 2, 65),
(5, 6, 1, 1, 0, 1, 0, 0, 1, 49),
(6, 4, 0, 0, 0, 4, 1, 0, 0, 91),
(6, 6, 0, 2, 2, 3, 0, 0, 0, 55),
(7, 4, 0, 1, 3, 3, 0, 0, 1, 70),
(7, 6, 0, 2, 2, 4, 0, 0, 0, 23),
(8, 4, 0, 1, 1, 6, 0, 0, 1, 86),
(8, 6, 0, 0, 2, 3, 0, 0, 0, 65),
(9, 4, 0, 0, 0, 2, 0, 0, 1, 23),
(9, 6, 0, 1, 1, 3, 0, 0, 1, 41),
(10, 4, 0, 0, 1, 5, 0, 0, 1, 36),
(10, 6, 0, 1, 0, 7, 1, 0, 1, 21),
(11, 4, 0, 0, 0, 1, 1, 0, 2, 84),
(11, 6, 1, 0, 1, 0, 1, 1, 0, 22),
(12, 4, 0, 1, 0, 3, 0, 0, 0, 72),
(12, 6, 0, 0, 0, 2, 1, 0, 1, 66),
(13, 4, 0, 1, 0, 3, 0, 0, 2, 43),
(13, 6, 0, 1, 0, 1, 1, 0, 0, 58),
(14, 4, 0, 0, 2, 7, 1, 0, 0, 35),
(14, 6, 0, 0, 0, 1, 0, 0, 1, 43),
(15, 4, 0, 1, 0, 5, 0, 0, 1, 50),
(15, 6, 0, 1, 0, 1, 1, 0, 0, 63),
(16, 4, 1, 1, 3, 5, 1, 0, 0, 62),
(16, 6, 0, 0, 1, 4, 0, 0, 2, 87),
(17, 4, 0, 0, 0, 2, 0, 0, 1, 90),
(17, 6, 0, 0, 0, 4, 1, 0, 0, 46),
(18, 4, 0, 2, 0, 0, 0, 0, 1, 82),
(18, 6, 0, 0, 2, 7, 0, 0, 2, 49),
(19, 4, 1, 1, 2, 6, 1, 0, 1, 24),
(19, 6, 0, 2, 0, 3, 1, 0, 1, 85),
(20, 4, 0, 1, 0, 0, 0, 0, 0, 87),
(20, 6, 0, 0, 0, 0, 1, 0, 0, 73),
(21, 20, 0, 0, 0, 2, 1, 0, 1, 31),
(22, 20, 1, 0, 0, 4, 1, 0, 0, 85),
(23, 20, 0, 2, 0, 7, 0, 1, 0, 54),
(24, 20, 0, 0, 2, 7, 0, 0, 0, 90),
(25, 20, 0, 2, 3, 0, 0, 0, 0, 39),
(26, 20, 0, 0, 0, 0, 0, 0, 0, 70),
(27, 20, 0, 1, 0, 6, 0, 0, 2, 46),
(28, 20, 0, 1, 0, 7, 0, 0, 1, 24),
(29, 20, 0, 1, 0, 2, 0, 0, 1, 45),
(30, 20, 0, 0, 0, 2, 0, 0, 1, 38),
(31, 20, 0, 1, 0, 2, 0, 0, 1, 43),
(32, 20, 0, 2, 1, 4, 1, 0, 0, 53),
(33, 20, 0, 0, 2, 6, 0, 0, 1, 80),
(34, 20, 0, 0, 2, 6, 0, 0, 2, 95),
(35, 20, 1, 1, 0, 4, 0, 0, 0, 58),
(36, 20, 1, 2, 1, 1, 0, 0, 0, 58),
(37, 20, 0, 1, 3, 2, 1, 0, 0, 88),
(38, 20, 0, 1, 0, 3, 1, 0, 0, 89),
(39, 20, 0, 1, 2, 4, 0, 0, 2, 72),
(40, 20, 0, 0, 0, 7, 0, 0, 0, 49),
(41, 25, 0, 1, 1, 4, 1, 0, 0, 76),
(42, 25, 0, 0, 0, 4, 0, 0, 2, 93),
(43, 25, 0, 0, 2, 0, 0, 0, 1, 77),
(44, 25, 0, 0, 0, 3, 1, 0, 1, 82),
(45, 25, 0, 0, 0, 0, 0, 0, 0, 71),
(46, 25, 0, 0, 0, 2, 0, 0, 1, 48),
(47, 25, 0, 0, 2, 3, 0, 0, 2, 27),
(48, 25, 0, 0, 0, 3, 1, 0, 2, 52),
(49, 25, 1, 0, 0, 0, 0, 0, 2, 57),
(50, 25, 0, 2, 0, 6, 0, 0, 0, 70),
(51, 25, 0, 2, 1, 7, 0, 0, 0, 71),
(52, 25, 0, 0, 2, 2, 0, 0, 0, 83),
(53, 25, 0, 2, 1, 4, 0, 0, 0, 39),
(54, 25, 1, 1, 0, 6, 0, 0, 2, 63),
(55, 25, 1, 0, 0, 1, 0, 0, 1, 62),
(56, 25, 0, 2, 0, 4, 1, 0, 0, 61),
(57, 25, 0, 0, 0, 4, 0, 0, 1, 86),
(58, 25, 0, 0, 2, 7, 0, 1, 0, 93),
(59, 25, 0, 0, 0, 0, 0, 0, 1, 81),
(60, 25, 0, 2, 0, 1, 0, 0, 1, 80),
(61, 33, 0, 0, 0, 5, 0, 0, 0, 83),
(61, 34, 0, 0, 0, 5, 1, 0, 0, 51),
(62, 33, 0, 0, 0, 1, 0, 0, 0, 80),
(62, 34, 0, 0, 3, 4, 0, 0, 2, 29),
(63, 33, 0, 1, 3, 1, 1, 0, 0, 54),
(63, 34, 0, 0, 2, 3, 0, 0, 1, 32),
(64, 33, 0, 0, 0, 2, 1, 0, 0, 62),
(64, 34, 0, 0, 3, 1, 0, 0, 2, 58),
(65, 33, 0, 0, 2, 7, 1, 0, 2, 61),
(65, 34, 1, 1, 0, 6, 1, 0, 0, 35),
(66, 33, 1, 0, 0, 2, 1, 0, 1, 93),
(66, 34, 1, 1, 0, 4, 0, 0, 2, 89),
(67, 33, 0, 0, 0, 3, 0, 0, 0, 20),
(67, 34, 0, 1, 0, 7, 0, 0, 0, 35),
(68, 33, 0, 1, 0, 5, 0, 0, 0, 33),
(68, 34, 0, 1, 1, 6, 0, 0, 0, 59),
(69, 33, 0, 0, 0, 6, 0, 0, 0, 33),
(69, 34, 1, 1, 0, 7, 0, 0, 0, 53),
(70, 33, 0, 2, 2, 3, 0, 0, 2, 73),
(70, 34, 1, 2, 0, 2, 1, 0, 2, 85),
(71, 33, 0, 0, 1, 2, 1, 0, 0, 43),
(71, 34, 0, 0, 0, 1, 1, 0, 1, 89),
(72, 33, 0, 0, 0, 6, 1, 0, 1, 39),
(72, 34, 0, 1, 0, 3, 0, 0, 0, 46),
(73, 33, 1, 1, 0, 2, 0, 0, 2, 85),
(73, 34, 0, 0, 1, 1, 0, 0, 1, 39),
(74, 33, 0, 0, 0, 7, 0, 0, 2, 74),
(74, 34, 0, 1, 2, 3, 0, 0, 2, 44),
(75, 33, 1, 0, 0, 0, 0, 0, 0, 54),
(75, 34, 0, 1, 0, 4, 0, 0, 2, 40),
(76, 33, 0, 0, 0, 3, 0, 1, 0, 87),
(76, 34, 0, 0, 2, 6, 1, 0, 0, 23),
(77, 33, 0, 1, 0, 0, 0, 0, 2, 33),
(77, 34, 0, 2, 1, 2, 1, 1, 1, 28),
(78, 33, 1, 0, 1, 1, 0, 0, 1, 38),
(78, 34, 0, 1, 2, 7, 0, 0, 0, 54),
(79, 33, 0, 2, 2, 5, 0, 0, 0, 70),
(79, 34, 0, 1, 0, 0, 1, 0, 2, 33),
(80, 33, 0, 2, 2, 2, 1, 0, 0, 72),
(80, 34, 0, 2, 1, 6, 0, 0, 0, 29),
(81, 42, 0, 2, 2, 1, 0, 0, 2, 56),
(81, 44, 0, 1, 3, 3, 1, 0, 0, 45),
(81, 46, 0, 0, 0, 7, 1, 0, 0, 36),
(82, 42, 0, 2, 1, 7, 0, 0, 0, 50),
(82, 44, 0, 0, 1, 7, 0, 0, 0, 25),
(82, 46, 0, 1, 0, 5, 1, 0, 0, 86),
(83, 42, 0, 1, 0, 3, 1, 0, 1, 37),
(83, 44, 0, 1, 0, 5, 0, 0, 1, 33),
(83, 46, 1, 2, 0, 4, 0, 0, 0, 78),
(84, 42, 0, 0, 1, 0, 0, 0, 1, 57),
(84, 44, 0, 0, 2, 0, 1, 0, 0, 33),
(84, 46, 0, 0, 1, 1, 0, 1, 2, 38),
(85, 42, 1, 0, 0, 6, 1, 1, 2, 84),
(85, 44, 1, 2, 2, 6, 0, 0, 1, 39),
(85, 46, 0, 2, 1, 2, 0, 0, 0, 55),
(86, 42, 1, 0, 1, 0, 1, 0, 2, 35),
(86, 44, 0, 0, 1, 7, 0, 0, 1, 76),
(86, 46, 0, 0, 0, 7, 1, 0, 0, 27),
(87, 42, 0, 0, 1, 6, 0, 0, 0, 39),
(87, 44, 1, 2, 0, 0, 0, 0, 2, 58),
(87, 46, 0, 2, 0, 7, 1, 0, 2, 84),
(88, 42, 0, 1, 1, 2, 0, 0, 1, 61),
(88, 44, 0, 1, 0, 3, 0, 0, 1, 47),
(88, 46, 0, 2, 0, 1, 1, 0, 0, 51),
(89, 42, 0, 0, 1, 7, 0, 0, 0, 36),
(89, 44, 0, 1, 1, 3, 1, 0, 2, 60),
(89, 46, 0, 0, 0, 3, 0, 0, 0, 65),
(90, 42, 0, 0, 0, 2, 0, 0, 1, 69),
(90, 44, 0, 0, 1, 1, 0, 0, 2, 33),
(90, 46, 0, 1, 0, 1, 0, 0, 1, 30),
(91, 42, 0, 0, 2, 1, 1, 0, 1, 74),
(91, 44, 0, 0, 2, 7, 0, 1, 0, 36),
(91, 46, 1, 1, 0, 1, 0, 0, 1, 69),
(92, 42, 0, 0, 0, 1, 0, 0, 0, 85),
(92, 44, 0, 1, 0, 7, 1, 0, 0, 49),
(92, 46, 0, 0, 2, 0, 1, 1, 0, 44),
(93, 42, 0, 2, 0, 0, 0, 0, 0, 41),
(93, 44, 0, 1, 2, 4, 0, 0, 0, 50),
(93, 46, 1, 0, 0, 5, 0, 0, 0, 55),
(94, 42, 1, 0, 1, 1, 1, 0, 0, 47),
(94, 44, 1, 1, 1, 0, 1, 1, 0, 63),
(94, 46, 0, 2, 2, 7, 0, 0, 0, 49),
(95, 42, 0, 1, 0, 4, 1, 0, 0, 58),
(95, 44, 0, 1, 0, 6, 1, 0, 0, 47),
(95, 46, 0, 0, 0, 6, 1, 0, 0, 64),
(96, 42, 0, 0, 0, 3, 1, 0, 1, 52),
(96, 44, 0, 0, 0, 0, 0, 0, 1, 45),
(96, 46, 1, 0, 2, 0, 1, 0, 0, 76),
(97, 42, 0, 0, 0, 0, 0, 0, 0, 81),
(97, 44, 0, 0, 1, 4, 1, 0, 1, 78),
(97, 46, 0, 2, 0, 0, 1, 0, 1, 57),
(98, 42, 0, 0, 0, 3, 1, 0, 0, 42),
(98, 44, 0, 1, 0, 6, 1, 0, 2, 65),
(98, 46, 0, 2, 0, 5, 0, 0, 1, 86),
(99, 42, 0, 1, 2, 6, 0, 0, 1, 88),
(99, 44, 1, 0, 0, 0, 1, 0, 0, 37),
(99, 46, 0, 0, 1, 4, 0, 0, 1, 23),
(100, 42, 0, 0, 2, 1, 1, 0, 0, 68),
(100, 44, 1, 1, 2, 0, 1, 0, 2, 73),
(100, 46, 0, 2, 1, 0, 0, 0, 1, 26)

--changeset verushan:1
INSERT INTO
    [dbo].[Result] (
    [FixtureID],
    [GoalsFor],
    [GoalsAgainst]
    )
VALUES
    (25, 4, 2)